{"level":"info","time":"2026-10-04T07:25:32Z","message":"Thank you for trying Cloudflare Tunnel. Doing so, without a Cloudflare account, is a quick way to experiment and try it out. However, be aware that these account-less Tunnels have no uptime guarantee, are subject to the Cloudflare Online Services Terms of Use (https://www.cloudflare.com/website-terms/), and Cloudflare reserves the right to investigate your use of Tunnels for violations of such terms. If you intend to use Tunnels in production you should use a pre-created named tunnel by following: https://developers.cloudflare.com/cloudflare-one/connections/connect-apps"}
{"level":"info","time":"2026-10-04T07:25:32Z","message":"Requesting new quick Tunnel on trycloudflare.com..."}
{"level":"info","time":"2026-10-04T07:25:37Z","message":"+--------------------------------------------------------------------------------------------+"}
{"level":"info","time":"2026-10-04T07:25:37Z","message":"|  Your quick Tunnel has been created! Visit it at (it may take some time to be reachable):  |"}
{"level":"info","time":"2026-10-04T07:25:37Z","message":"|  https://demographic-paying-forests-ips.trycloudflare.com                                  |"}
{"level":"info","time":"2026-10-04T07:25:37Z","message":"+--------------------------------------------------------------------------------------------+"}
{"level":"info","time":"2026-10-04T07:25:37Z","message":"Version 2026.9.3 (Checksum 77e26d8d900e0b8469f416239d14b5f296525fdf79fee6f511ef55609e3fbac2)"}
{"level":"info","time":"2026-10-04T07:25:37Z","message":"GOOS: linux, GOVersion: go1.26.8, GoArch: amd64"}
{"level":"info","time":"2026-10-04T07:25:37Z","message":"Settings: map[cred-file:/home/iamthat/.cloudflared/5633b93c-1031-401a-9cbf-222f482d38f7.json credentials-file:/home/iamthat/.cloudflared/5633b93c-1031-401a-9cbf-222f482d38f7.json ha-connections:1 logfile:/home/iamthat/Документы/work/drift/.tunnel.log no-autoupdate:true p:http2 protocol:http2 url:http://127.0.0.1:8095]"}
{"level":"info","time":"2026-10-04T07:25:37Z","message":"Generated Connector ID: 3c3aa4ad-b7fb-45d3-87e0-989119c162ae"}
{"level":"info","time":"2026-10-04T07:25:37Z","message":"Initial protocol http2"}
{"level":"info","time":"2026-10-04T07:25:37Z","message":"ICMP proxy will use 100.125.141.11 as source for IPv4"}
{"level":"info","time":"2026-10-04T07:25:37Z","message":"ICMP proxy will use fe80::b6a9:fcff:fe95:250f in zone enp1s0 as source for IPv6"}
{"level":"info","time":"2026-10-04T07:25:37Z","message":"ICMP proxy will use 100.125.141.11 as source for IPv4"}
{"level":"info","time":"2026-10-04T07:25:37Z","message":"ICMP proxy will use fe80::b6a9:fcff:fe95:250f in zone enp1s0 as source for IPv6"}
{"level":"info","time":"2026-10-04T07:25:37Z","message":"Starting metrics server on 127.0.0.1:20242/metrics"}
{"level":"info","event":0,"ip":"198.41.192.67","connIndex":0,"time":"2026-10-04T07:25:37Z","message":"Tunnel connection curve preferences: [X25519MLKEM768 CurveID(65074) CurveP256]"}
{"level":"info","event":0,"connection":"6332537e-4f30-4ba9-ab6a-12a53666a8fa","connIndex":0,"location":"ams21","ip":"198.41.192.67","protocol":"http2","time":"2026-10-04T07:25:41Z","message":"Registered tunnel connection"}
{"level":"info","time":"2026-10-04T07:25:47Z","message":"+-----------------------------------------------------------------------------------------------+"}
{"level":"info","time":"2026-10-04T07:25:47Z","message":"|                                    CONNECTIVITY PRE-CHECKS                                    |"}
{"level":"info","time":"2026-10-04T07:25:47Z","message":"+-----------------------------------------------------------------------------------------------+"}
{"level":"info","time":"2026-10-04T07:25:47Z","message":"|  COMPONENT         TARGET                     STATUS  DETAILS                                 |"}
{"level":"info","time":"2026-10-04T07:25:47Z","message":"|  DNS Resolution    region1.v2.argotunnel.com  PASS    DNS Resolved successfully               |"}
{"level":"info","time":"2026-10-04T07:25:47Z","message":"|  DNS Resolution    region2.v2.argotunnel.com  PASS    DNS Resolved successfully               |"}
{"level":"info","time":"2026-10-04T07:25:47Z","message":"|  UDP Connectivity  region1.v2.argotunnel.com  FAIL    QUIC connection failed                  |"}
{"level":"info","time":"2026-10-04T07:25:47Z","message":"|  UDP Connectivity  region2.v2.argotunnel.com  FAIL    QUIC connection failed                  |"}
{"level":"info","time":"2026-10-04T07:25:47Z","message":"|  TCP Connectivity  region1.v2.argotunnel.com  PASS    HTTP/2 connection successful            |"}
{"level":"info","time":"2026-10-04T07:25:47Z","message":"|  TCP Connectivity  region2.v2.argotunnel.com  PASS    HTTP/2 connection successful            |"}
{"level":"info","time":"2026-10-04T07:25:47Z","message":"|  Cloudflare API    api.cloudflare.com:443     PASS    API is reachable                        |"}
{"level":"info","time":"2026-10-04T07:25:47Z","message":"|  WARNING: Allow outbound QUIC traffic on port 7844 or use HTTP2.                              |"}
{"level":"info","time":"2026-10-04T07:25:47Z","message":"|  WARNING: Allow outbound QUIC traffic on port 7844 or use HTTP2.                              |"}
{"level":"info","time":"2026-10-04T07:25:47Z","message":"|                                                                                               |"}
{"level":"info","time":"2026-10-04T07:25:47Z","message":"|  SUMMARY: Environment ready with degraded transport. cloudflared will proceed using 'http2'.  |"}
{"level":"info","time":"2026-10-04T07:25:47Z","message":"+-----------------------------------------------------------------------------------------------+"}
{"level":"info","run_id":"01f33395-d9fa-4792-bea0-c2afffbad7d4","component":"DNS Resolution","target":"region1.v2.argotunnel.com","status":"pass","details":"DNS Resolved successfully","time":"2026-10-04T07:25:47Z","message":"precheck"}
{"level":"info","run_id":"01f33395-d9fa-4792-bea0-c2afffbad7d4","component":"DNS Resolution","target":"region2.v2.argotunnel.com","status":"pass","details":"DNS Resolved successfully","time":"2026-10-04T07:25:47Z","message":"precheck"}
{"level":"info","run_id":"01f33395-d9fa-4792-bea0-c2afffbad7d4","component":"UDP Connectivity","target":"region1.v2.argotunnel.com","status":"fail","details":"QUIC connection failed","time":"2026-10-04T07:25:47Z","message":"precheck"}
{"level":"info","run_id":"01f33395-d9fa-4792-bea0-c2afffbad7d4","component":"UDP Connectivity","target":"region2.v2.argotunnel.com","status":"fail","details":"QUIC connection failed","time":"2026-10-04T07:25:47Z","message":"precheck"}
{"level":"info","run_id":"01f33395-d9fa-4792-bea0-c2afffbad7d4","component":"TCP Connectivity","target":"region1.v2.argotunnel.com","status":"pass","details":"HTTP/2 connection successful","time":"2026-10-04T07:25:47Z","message":"precheck"}
{"level":"info","run_id":"01f33395-d9fa-4792-bea0-c2afffbad7d4","component":"TCP Connectivity","target":"region2.v2.argotunnel.com","status":"pass","details":"HTTP/2 connection successful","time":"2026-10-04T07:25:47Z","message":"precheck"}
{"level":"info","run_id":"01f33395-d9fa-4792-bea0-c2afffbad7d4","component":"Cloudflare API","target":"api.cloudflare.com:443","status":"pass","details":"API is reachable","time":"2026-10-04T07:25:47Z","message":"precheck"}
{"level":"info","run_id":"01f33395-d9fa-4792-bea0-c2afffbad7d4","hard_fail":false,"suggested_protocol":"http2","time":"2026-10-04T07:25:47Z","message":"precheck complete"}
{"level":"info","time":"2026-10-04T07:35:54Z","message":"Initiating graceful shutdown due to signal terminated ..."}
{"level":"info","event":0,"connIndex":0,"ip":"198.41.192.67","time":"2026-10-04T07:35:55Z","message":"Unregistered tunnel connection"}
{"level":"error","connIndex":0,"time":"2026-10-04T07:35:56Z","message":"Connection terminated"}
{"level":"error","time":"2026-10-04T07:35:56Z","message":"no more connections active and exiting"}
{"level":"info","time":"2026-10-04T07:35:56Z","message":"Tunnel server stopped"}
{"level":"info","time":"2026-10-04T07:35:56Z","message":"Metrics server stopped"}
{"level":"info","time":"2026-10-04T07:35:56Z","message":"Thank you for trying Cloudflare Tunnel. Doing so, without a Cloudflare account, is a quick way to experiment and try it out. However, be aware that these account-less Tunnels have no uptime guarantee, are subject to the Cloudflare Online Services Terms of Use (https://www.cloudflare.com/website-terms/), and Cloudflare reserves the right to investigate your use of Tunnels for violations of such terms. If you intend to use Tunnels in production you should use a pre-created named tunnel by following: https://developers.cloudflare.com/cloudflare-one/connections/connect-apps"}
{"level":"info","time":"2026-10-04T07:35:56Z","message":"Requesting new quick Tunnel on trycloudflare.com..."}
{"level":"info","time":"2026-10-04T07:36:01Z","message":"+--------------------------------------------------------------------------------------------+"}
{"level":"info","time":"2026-10-04T07:36:01Z","message":"|  Your quick Tunnel has been created! Visit it at (it may take some time to be reachable):  |"}
{"level":"info","time":"2026-10-04T07:36:01Z","message":"|  https://analytical-demand-actions-jokes.trycloudflare.com                                 |"}
{"level":"info","time":"2026-10-04T07:36:01Z","message":"+--------------------------------------------------------------------------------------------+"}
{"level":"info","time":"2026-10-04T07:36:01Z","message":"Version 2026.9.3 (Checksum 77e26d8d900e0b8469f416239d14b5f296525fdf79fee6f511ef55609e3fbac2)"}
{"level":"info","time":"2026-10-04T07:36:01Z","message":"GOOS: linux, GOVersion: go1.26.8, GoArch: amd64"}
{"level":"info","time":"2026-10-04T07:36:01Z","message":"Settings: map[cred-file:/home/iamthat/.cloudflared/5633b93c-1031-401a-9cbf-222f482d38f7.json credentials-file:/home/iamthat/.cloudflared/5633b93c-1031-401a-9cbf-222f482d38f7.json ha-connections:1 logfile:/home/iamthat/Документы/work/drift/.tunnel.log no-autoupdate:true p:http2 protocol:http2 url:http://127.0.0.1:8095]"}
{"level":"info","time":"2026-10-04T07:36:01Z","message":"Generated Connector ID: 90d785a6-4f5a-4b52-a1a2-2e1f4408bd4e"}
{"level":"info","time":"2026-10-04T07:36:01Z","message":"Initial protocol http2"}
{"level":"info","time":"2026-10-04T07:36:01Z","message":"ICMP proxy will use 100.125.141.11 as source for IPv4"}
{"level":"info","time":"2026-10-04T07:36:01Z","message":"ICMP proxy will use fe80::b6a9:fcff:fe95:250f in zone enp1s0 as source for IPv6"}
{"level":"info","time":"2026-10-04T07:36:01Z","message":"ICMP proxy will use 100.125.141.11 as source for IPv4"}
{"level":"info","time":"2026-10-04T07:36:01Z","message":"ICMP proxy will use fe80::b6a9:fcff:fe95:250f in zone enp1s0 as source for IPv6"}
{"level":"info","time":"2026-10-04T07:36:01Z","message":"Starting metrics server on 127.0.0.1:20242/metrics"}
{"level":"info","event":0,"ip":"198.41.192.47","connIndex":0,"time":"2026-10-04T07:36:01Z","message":"Tunnel connection curve preferences: [X25519MLKEM768 CurveID(65074) CurveP256]"}
{"level":"info","event":0,"connection":"044651cd-f8ba-4152-ad5c-a45b7d3eec97","connIndex":0,"location":"ams13","ip":"198.41.192.47","protocol":"http2","time":"2026-10-04T07:36:06Z","message":"Registered tunnel connection"}
{"level":"info","time":"2026-10-04T07:36:11Z","message":"+-----------------------------------------------------------------------------------------------+"}
{"level":"info","time":"2026-10-04T07:36:11Z","message":"|                                    CONNECTIVITY PRE-CHECKS                                    |"}
{"level":"info","time":"2026-10-04T07:36:11Z","message":"+-----------------------------------------------------------------------------------------------+"}
{"level":"info","time":"2026-10-04T07:36:11Z","message":"|  COMPONENT         TARGET                     STATUS  DETAILS                                 |"}
{"level":"info","time":"2026-10-04T07:36:11Z","message":"|  DNS Resolution    region1.v2.argotunnel.com  PASS    DNS Resolved successfully               |"}
{"level":"info","time":"2026-10-04T07:36:11Z","message":"|  DNS Resolution    region2.v2.argotunnel.com  PASS    DNS Resolved successfully               |"}
{"level":"info","time":"2026-10-04T07:36:11Z","message":"|  UDP Connectivity  region1.v2.argotunnel.com  FAIL    QUIC connection failed                  |"}
{"level":"info","time":"2026-10-04T07:36:11Z","message":"|  UDP Connectivity  region2.v2.argotunnel.com  FAIL    QUIC connection failed                  |"}
{"level":"info","time":"2026-10-04T07:36:11Z","message":"|  TCP Connectivity  region1.v2.argotunnel.com  PASS    HTTP/2 connection successful            |"}
{"level":"info","time":"2026-10-04T07:36:11Z","message":"|  TCP Connectivity  region2.v2.argotunnel.com  PASS    HTTP/2 connection successful            |"}
{"level":"info","time":"2026-10-04T07:36:11Z","message":"|  Cloudflare API    api.cloudflare.com:443     PASS    API is reachable                        |"}
{"level":"info","time":"2026-10-04T07:36:11Z","message":"|  WARNING: Allow outbound QUIC traffic on port 7844 or use HTTP2.                              |"}
{"level":"info","time":"2026-10-04T07:36:11Z","message":"|  WARNING: Allow outbound QUIC traffic on port 7844 or use HTTP2.                              |"}
{"level":"info","time":"2026-10-04T07:36:11Z","message":"|                                                                                               |"}
{"level":"info","time":"2026-10-04T07:36:11Z","message":"|  SUMMARY: Environment ready with degraded transport. cloudflared will proceed using 'http2'.  |"}
{"level":"info","time":"2026-10-04T07:36:11Z","message":"+-----------------------------------------------------------------------------------------------+"}
{"level":"info","run_id":"27520908-c5e3-4e93-a542-b7b79015b4d1","component":"DNS Resolution","target":"region1.v2.argotunnel.com","status":"pass","details":"DNS Resolved successfully","time":"2026-10-04T07:36:11Z","message":"precheck"}
{"level":"info","run_id":"27520908-c5e3-4e93-a542-b7b79015b4d1","component":"DNS Resolution","target":"region2.v2.argotunnel.com","status":"pass","details":"DNS Resolved successfully","time":"2026-10-04T07:36:11Z","message":"precheck"}
{"level":"info","run_id":"27520908-c5e3-4e93-a542-b7b79015b4d1","component":"UDP Connectivity","target":"region1.v2.argotunnel.com","status":"fail","details":"QUIC connection failed","time":"2026-10-04T07:36:11Z","message":"precheck"}
{"level":"info","run_id":"27520908-c5e3-4e93-a542-b7b79015b4d1","component":"UDP Connectivity","target":"region2.v2.argotunnel.com","status":"fail","details":"QUIC connection failed","time":"2026-10-04T07:36:11Z","message":"precheck"}
{"level":"info","run_id":"27520908-c5e3-4e93-a542-b7b79015b4d1","component":"TCP Connectivity","target":"region1.v2.argotunnel.com","status":"pass","details":"HTTP/2 connection successful","time":"2026-10-04T07:36:11Z","message":"precheck"}
{"level":"info","run_id":"27520908-c5e3-4e93-a542-b7b79015b4d1","component":"TCP Connectivity","target":"region2.v2.argotunnel.com","status":"pass","details":"HTTP/2 connection successful","time":"2026-10-04T07:36:11Z","message":"precheck"}
{"level":"info","run_id":"27520908-c5e3-4e93-a542-b7b79015b4d1","component":"Cloudflare API","target":"api.cloudflare.com:443","status":"pass","details":"API is reachable","time":"2026-10-04T07:36:11Z","message":"precheck"}
{"level":"info","run_id":"27520908-c5e3-4e93-a542-b7b79015b4d1","hard_fail":false,"suggested_protocol":"http2","time":"2026-10-04T07:36:11Z","message":"precheck complete"}
{"level":"info","time":"2026-10-04T07:41:30Z","message":"Initiating graceful shutdown due to signal terminated ..."}
{"level":"info","event":0,"connIndex":0,"ip":"198.41.192.47","time":"2026-10-04T07:41:31Z","message":"Unregistered tunnel connection"}
{"level":"error","connIndex":0,"time":"2026-10-04T07:41:31Z","message":"Connection terminated"}
{"level":"error","time":"2026-10-04T07:41:31Z","message":"no more connections active and exiting"}
{"level":"info","time":"2026-10-04T07:41:31Z","message":"Tunnel server stopped"}
{"level":"info","time":"2026-10-04T07:41:31Z","message":"Metrics server stopped"}
{"level":"info","time":"2026-10-04T07:41:31Z","message":"Thank you for trying Cloudflare Tunnel. Doing so, without a Cloudflare account, is a quick way to experiment and try it out. However, be aware that these account-less Tunnels have no uptime guarantee, are subject to the Cloudflare Online Services Terms of Use (https://www.cloudflare.com/website-terms/), and Cloudflare reserves the right to investigate your use of Tunnels for violations of such terms. If you intend to use Tunnels in production you should use a pre-created named tunnel by following: https://developers.cloudflare.com/cloudflare-one/connections/connect-apps"}
{"level":"info","time":"2026-10-04T07:41:31Z","message":"Requesting new quick Tunnel on trycloudflare.com..."}
{"level":"info","time":"2026-10-04T07:41:37Z","message":"+--------------------------------------------------------------------------------------------+"}
{"level":"info","time":"2026-10-04T07:41:37Z","message":"|  Your quick Tunnel has been created! Visit it at (it may take some time to be reachable):  |"}
{"level":"info","time":"2026-10-04T07:41:37Z","message":"|  https://hills-reliability-movie-gotta.trycloudflare.com                                   |"}
{"level":"info","time":"2026-10-04T07:41:37Z","message":"+--------------------------------------------------------------------------------------------+"}
{"level":"info","time":"2026-10-04T07:41:37Z","message":"Version 2026.9.3 (Checksum 77e26d8d900e0b8469f416239d14b5f296525fdf79fee6f511ef55609e3fbac2)"}
{"level":"info","time":"2026-10-04T07:41:37Z","message":"GOOS: linux, GOVersion: go1.26.8, GoArch: amd64"}
{"level":"info","time":"2026-10-04T07:41:37Z","message":"Settings: map[cred-file:/home/iamthat/.cloudflared/5633b93c-1031-401a-9cbf-222f482d38f7.json credentials-file:/home/iamthat/.cloudflared/5633b93c-1031-401a-9cbf-222f482d38f7.json ha-connections:1 logfile:/home/iamthat/Документы/work/drift/.tunnel.log no-autoupdate:true p:http2 protocol:http2 url:http://127.0.0.1:8095]"}
{"level":"info","time":"2026-10-04T07:41:37Z","message":"Generated Connector ID: dbd43de8-480c-4fdc-8998-f54d33594ee9"}
{"level":"info","time":"2026-10-04T07:41:37Z","message":"Initial protocol http2"}
{"level":"info","time":"2026-10-04T07:41:37Z","message":"ICMP proxy will use 100.125.141.11 as source for IPv4"}
{"level":"info","time":"2026-10-04T07:41:37Z","message":"ICMP proxy will use fe80::b6a9:fcff:fe95:250f in zone enp1s0 as source for IPv6"}
{"level":"info","time":"2026-10-04T07:41:37Z","message":"ICMP proxy will use 100.125.141.11 as source for IPv4"}
{"level":"info","event":0,"ip":"198.41.192.57","connIndex":0,"time":"2026-10-04T07:41:37Z","message":"Tunnel connection curve preferences: [X25519MLKEM768 CurveID(65074) CurveP256]"}
{"level":"info","time":"2026-10-04T07:41:37Z","message":"ICMP proxy will use fe80::b6a9:fcff:fe95:250f in zone enp1s0 as source for IPv6"}
{"level":"info","time":"2026-10-04T07:41:37Z","message":"Starting metrics server on 127.0.0.1:20242/metrics"}
{"level":"info","event":0,"connection":"a03a8f67-1402-4b79-b504-13dc5d889848","connIndex":0,"location":"ams08","ip":"198.41.192.57","protocol":"http2","time":"2026-10-04T07:41:41Z","message":"Registered tunnel connection"}
{"level":"info","time":"2026-10-04T07:41:47Z","message":"+-----------------------------------------------------------------------------------------------+"}
{"level":"info","time":"2026-10-04T07:41:47Z","message":"|                                    CONNECTIVITY PRE-CHECKS                                    |"}
{"level":"info","time":"2026-10-04T07:41:47Z","message":"+-----------------------------------------------------------------------------------------------+"}
{"level":"info","time":"2026-10-04T07:41:47Z","message":"|  COMPONENT         TARGET                     STATUS  DETAILS                                 |"}
{"level":"info","time":"2026-10-04T07:41:47Z","message":"|  DNS Resolution    region1.v2.argotunnel.com  PASS    DNS Resolved successfully               |"}
{"level":"info","time":"2026-10-04T07:41:47Z","message":"|  DNS Resolution    region2.v2.argotunnel.com  PASS    DNS Resolved successfully               |"}
{"level":"info","time":"2026-10-04T07:41:47Z","message":"|  UDP Connectivity  region1.v2.argotunnel.com  FAIL    QUIC connection failed                  |"}
{"level":"info","time":"2026-10-04T07:41:47Z","message":"|  UDP Connectivity  region2.v2.argotunnel.com  FAIL    QUIC connection failed                  |"}
{"level":"info","time":"2026-10-04T07:41:47Z","message":"|  TCP Connectivity  region1.v2.argotunnel.com  PASS    HTTP/2 connection successful            |"}
{"level":"info","time":"2026-10-04T07:41:47Z","message":"|  TCP Connectivity  region2.v2.argotunnel.com  PASS    HTTP/2 connection successful            |"}
{"level":"info","time":"2026-10-04T07:41:47Z","message":"|  Cloudflare API    api.cloudflare.com:443     PASS    API is reachable                        |"}
{"level":"info","time":"2026-10-04T07:41:47Z","message":"|  WARNING: Allow outbound QUIC traffic on port 7844 or use HTTP2.                              |"}
{"level":"info","time":"2026-10-04T07:41:47Z","message":"|  WARNING: Allow outbound QUIC traffic on port 7844 or use HTTP2.                              |"}
{"level":"info","time":"2026-10-04T07:41:47Z","message":"|                                                                                               |"}
{"level":"info","time":"2026-10-04T07:41:47Z","message":"|  SUMMARY: Environment ready with degraded transport. cloudflared will proceed using 'http2'.  |"}
{"level":"info","time":"2026-10-04T07:41:47Z","message":"+-----------------------------------------------------------------------------------------------+"}
{"level":"info","run_id":"5dec9739-eb4b-47af-a539-b28b353ab684","component":"DNS Resolution","target":"region1.v2.argotunnel.com","status":"pass","details":"DNS Resolved successfully","time":"2026-10-04T07:41:47Z","message":"precheck"}
{"level":"info","run_id":"5dec9739-eb4b-47af-a539-b28b353ab684","component":"DNS Resolution","target":"region2.v2.argotunnel.com","status":"pass","details":"DNS Resolved successfully","time":"2026-10-04T07:41:47Z","message":"precheck"}
{"level":"info","run_id":"5dec9739-eb4b-47af-a539-b28b353ab684","component":"UDP Connectivity","target":"region1.v2.argotunnel.com","status":"fail","details":"QUIC connection failed","time":"2026-10-04T07:41:47Z","message":"precheck"}
{"level":"info","run_id":"5dec9739-eb4b-47af-a539-b28b353ab684","component":"UDP Connectivity","target":"region2.v2.argotunnel.com","status":"fail","details":"QUIC connection failed","time":"2026-10-04T07:41:47Z","message":"precheck"}
{"level":"info","run_id":"5dec9739-eb4b-47af-a539-b28b353ab684","component":"TCP Connectivity","target":"region1.v2.argotunnel.com","status":"pass","details":"HTTP/2 connection successful","time":"2026-10-04T07:41:47Z","message":"precheck"}
{"level":"info","run_id":"5dec9739-eb4b-47af-a539-b28b353ab684","component":"TCP Connectivity","target":"region2.v2.argotunnel.com","status":"pass","details":"HTTP/2 connection successful","time":"2026-10-04T07:41:47Z","message":"precheck"}
{"level":"info","run_id":"5dec9739-eb4b-47af-a539-b28b353ab684","component":"Cloudflare API","target":"api.cloudflare.com:443","status":"pass","details":"API is reachable","time":"2026-10-04T07:41:47Z","message":"precheck"}
{"level":"info","run_id":"5dec9739-eb4b-47af-a539-b28b353ab684","hard_fail":false,"suggested_protocol":"http2","time":"2026-10-04T07:41:47Z","message":"precheck complete"}
{"level":"info","time":"2026-10-04T07:57:11Z","message":"Initiating graceful shutdown due to signal terminated ..."}
{"level":"info","event":0,"connIndex":0,"ip":"198.41.192.57","time":"2026-10-04T07:57:12Z","message":"Unregistered tunnel connection"}
{"level":"error","connIndex":0,"time":"2026-10-04T07:57:13Z","message":"Connection terminated"}
{"level":"error","time":"2026-10-04T07:57:13Z","message":"no more connections active and exiting"}
{"level":"info","time":"2026-10-04T07:57:13Z","message":"Tunnel server stopped"}
{"level":"info","time":"2026-10-04T07:57:13Z","message":"Metrics server stopped"}
{"level":"info","time":"2026-10-04T07:57:13Z","message":"Thank you for trying Cloudflare Tunnel. Doing so, without a Cloudflare account, is a quick way to experiment and try it out. However, be aware that these account-less Tunnels have no uptime guarantee, are subject to the Cloudflare Online Services Terms of Use (https://www.cloudflare.com/website-terms/), and Cloudflare reserves the right to investigate your use of Tunnels for violations of such terms. If you intend to use Tunnels in production you should use a pre-created named tunnel by following: https://developers.cloudflare.com/cloudflare-one/connections/connect-apps"}
{"level":"info","time":"2026-10-04T07:57:13Z","message":"Requesting new quick Tunnel on trycloudflare.com..."}
{"level":"info","time":"2026-10-04T07:57:18Z","message":"+--------------------------------------------------------------------------------------------+"}
{"level":"info","time":"2026-10-04T07:57:18Z","message":"|  Your quick Tunnel has been created! Visit it at (it may take some time to be reachable):  |"}
{"level":"info","time":"2026-10-04T07:57:18Z","message":"|  https://sbjct-vid-incentive-temporarily.trycloudflare.com                                 |"}
{"level":"info","time":"2026-10-04T07:57:18Z","message":"+--------------------------------------------------------------------------------------------+"}
{"level":"info","time":"2026-10-04T07:57:18Z","message":"Version 2026.9.3 (Checksum 77e26d8d900e0b8469f416239d14b5f296525fdf79fee6f511ef55609e3fbac2)"}
{"level":"info","time":"2026-10-04T07:57:18Z","message":"GOOS: linux, GOVersion: go1.26.8, GoArch: amd64"}
{"level":"info","time":"2026-10-04T07:57:18Z","message":"Settings: map[cred-file:/home/iamthat/.cloudflared/5633b93c-1031-401a-9cbf-222f482d38f7.json credentials-file:/home/iamthat/.cloudflared/5633b93c-1031-401a-9cbf-222f482d38f7.json ha-connections:1 logfile:/home/iamthat/Документы/work/drift/.tunnel.log no-autoupdate:true p:http2 protocol:http2 url:http://127.0.0.1:8095]"}
{"level":"info","time":"2026-10-04T07:57:18Z","message":"Generated Connector ID: 5b128adc-26e9-4ad2-9c33-dfddc1a057c6"}
{"level":"info","time":"2026-10-04T07:57:18Z","message":"Initial protocol http2"}
{"level":"info","time":"2026-10-04T07:57:18Z","message":"ICMP proxy will use 100.125.141.11 as source for IPv4"}
{"level":"info","time":"2026-10-04T07:57:18Z","message":"ICMP proxy will use fe80::b6a9:fcff:fe95:250f in zone enp1s0 as source for IPv6"}
{"level":"info","time":"2026-10-04T07:57:18Z","message":"ICMP proxy will use 100.125.141.11 as source for IPv4"}
{"level":"info","time":"2026-10-04T07:57:18Z","message":"ICMP proxy will use fe80::b6a9:fcff:fe95:250f in zone enp1s0 as source for IPv6"}
{"level":"info","time":"2026-10-04T07:57:18Z","message":"Starting metrics server on 127.0.0.1:20242/metrics"}
{"level":"info","event":0,"ip":"198.41.200.33","connIndex":0,"time":"2026-10-04T07:57:18Z","message":"Tunnel connection curve preferences: [X25519MLKEM768 CurveID(65074) CurveP256]"}
{"level":"info","event":0,"connection":"b89e9bcb-3850-4561-b5ca-deb42db46595","connIndex":0,"location":"ams18","ip":"198.41.200.33","protocol":"http2","time":"2026-10-04T07:57:23Z","message":"Registered tunnel connection"}
{"level":"info","time":"2026-10-04T07:57:28Z","message":"+-----------------------------------------------------------------------------------------------+"}
{"level":"info","time":"2026-10-04T07:57:28Z","message":"|                                    CONNECTIVITY PRE-CHECKS                                    |"}
{"level":"info","time":"2026-10-04T07:57:28Z","message":"+-----------------------------------------------------------------------------------------------+"}
{"level":"info","time":"2026-10-04T07:57:28Z","message":"|  COMPONENT         TARGET                     STATUS  DETAILS                                 |"}
{"level":"info","time":"2026-10-04T07:57:28Z","message":"|  DNS Resolution    region1.v2.argotunnel.com  PASS    DNS Resolved successfully               |"}
{"level":"info","time":"2026-10-04T07:57:28Z","message":"|  DNS Resolution    region2.v2.argotunnel.com  PASS    DNS Resolved successfully               |"}
{"level":"info","time":"2026-10-04T07:57:28Z","message":"|  UDP Connectivity  region1.v2.argotunnel.com  FAIL    QUIC connection failed                  |"}
{"level":"info","time":"2026-10-04T07:57:28Z","message":"|  UDP Connectivity  region2.v2.argotunnel.com  FAIL    QUIC connection failed                  |"}
{"level":"info","time":"2026-10-04T07:57:28Z","message":"|  TCP Connectivity  region1.v2.argotunnel.com  PASS    HTTP/2 connection successful            |"}
{"level":"info","time":"2026-10-04T07:57:28Z","message":"|  TCP Connectivity  region2.v2.argotunnel.com  PASS    HTTP/2 connection successful            |"}
{"level":"info","time":"2026-10-04T07:57:28Z","message":"|  Cloudflare API    api.cloudflare.com:443     PASS    API is reachable                        |"}
{"level":"info","time":"2026-10-04T07:57:28Z","message":"|  WARNING: Allow outbound QUIC traffic on port 7844 or use HTTP2.                              |"}
{"level":"info","time":"2026-10-04T07:57:28Z","message":"|  WARNING: Allow outbound QUIC traffic on port 7844 or use HTTP2.                              |"}
{"level":"info","time":"2026-10-04T07:57:28Z","message":"|                                                                                               |"}
{"level":"info","time":"2026-10-04T07:57:28Z","message":"|  SUMMARY: Environment ready with degraded transport. cloudflared will proceed using 'http2'.  |"}
{"level":"info","time":"2026-10-04T07:57:28Z","message":"+-----------------------------------------------------------------------------------------------+"}
{"level":"info","run_id":"55c58d11-a824-417e-9677-3a9cdfb32e0d","component":"DNS Resolution","target":"region1.v2.argotunnel.com","status":"pass","details":"DNS Resolved successfully","time":"2026-10-04T07:57:28Z","message":"precheck"}
{"level":"info","run_id":"55c58d11-a824-417e-9677-3a9cdfb32e0d","component":"DNS Resolution","target":"region2.v2.argotunnel.com","status":"pass","details":"DNS Resolved successfully","time":"2026-10-04T07:57:28Z","message":"precheck"}
{"level":"info","run_id":"55c58d11-a824-417e-9677-3a9cdfb32e0d","component":"UDP Connectivity","target":"region1.v2.argotunnel.com","status":"fail","details":"QUIC connection failed","time":"2026-10-04T07:57:28Z","message":"precheck"}
{"level":"info","run_id":"55c58d11-a824-417e-9677-3a9cdfb32e0d","component":"UDP Connectivity","target":"region2.v2.argotunnel.com","status":"fail","details":"QUIC connection failed","time":"2026-10-04T07:57:28Z","message":"precheck"}
{"level":"info","run_id":"55c58d11-a824-417e-9677-3a9cdfb32e0d","component":"TCP Connectivity","target":"region1.v2.argotunnel.com","status":"pass","details":"HTTP/2 connection successful","time":"2026-10-04T07:57:28Z","message":"precheck"}
{"level":"info","run_id":"55c58d11-a824-417e-9677-3a9cdfb32e0d","component":"TCP Connectivity","target":"region2.v2.argotunnel.com","status":"pass","details":"HTTP/2 connection successful","time":"2026-10-04T07:57:28Z","message":"precheck"}
{"level":"info","run_id":"55c58d11-a824-417e-9677-3a9cdfb32e0d","component":"Cloudflare API","target":"api.cloudflare.com:443","status":"pass","details":"API is reachable","time":"2026-10-04T07:57:28Z","message":"precheck"}
{"level":"info","run_id":"55c58d11-a824-417e-9677-3a9cdfb32e0d","hard_fail":false,"suggested_protocol":"http2","time":"2026-10-04T07:57:28Z","message":"precheck complete"}
{"level":"info","time":"2026-10-04T07:58:36Z","message":"Initiating graceful shutdown due to signal terminated ..."}
{"level":"info","event":0,"connIndex":0,"ip":"198.41.200.33","time":"2026-10-04T07:58:37Z","message":"Unregistered tunnel connection"}
{"level":"error","connIndex":0,"time":"2026-10-04T07:58:37Z","message":"Connection terminated"}
{"level":"error","time":"2026-10-04T07:58:37Z","message":"no more connections active and exiting"}
{"level":"info","time":"2026-10-04T07:58:37Z","message":"Tunnel server stopped"}
{"level":"info","time":"2026-10-04T07:58:37Z","message":"Metrics server stopped"}
{"level":"info","time":"2026-10-04T07:58:38Z","message":"Thank you for trying Cloudflare Tunnel. Doing so, without a Cloudflare account, is a quick way to experiment and try it out. However, be aware that these account-less Tunnels have no uptime guarantee, are subject to the Cloudflare Online Services Terms of Use (https://www.cloudflare.com/website-terms/), and Cloudflare reserves the right to investigate your use of Tunnels for violations of such terms. If you intend to use Tunnels in production you should use a pre-created named tunnel by following: https://developers.cloudflare.com/cloudflare-one/connections/connect-apps"}
{"level":"info","time":"2026-10-04T07:58:38Z","message":"Requesting new quick Tunnel on trycloudflare.com..."}
{"level":"info","time":"2026-10-04T07:58:43Z","message":"+--------------------------------------------------------------------------------------------+"}
{"level":"info","time":"2026-10-04T07:58:43Z","message":"|  Your quick Tunnel has been created! Visit it at (it may take some time to be reachable):  |"}
{"level":"info","time":"2026-10-04T07:58:43Z","message":"|  https://detail-evaluated-mario-convert.trycloudflare.com                                  |"}
{"level":"info","time":"2026-10-04T07:58:43Z","message":"+--------------------------------------------------------------------------------------------+"}
{"level":"info","time":"2026-10-04T07:58:43Z","message":"Version 2026.9.3 (Checksum 77e26d8d900e0b8469f416239d14b5f296525fdf79fee6f511ef55609e3fbac2)"}
{"level":"info","time":"2026-10-04T07:58:43Z","message":"GOOS: linux, GOVersion: go1.26.8, GoArch: amd64"}
{"level":"info","time":"2026-10-04T07:58:43Z","message":"Settings: map[cred-file:/home/iamthat/.cloudflared/5633b93c-1031-401a-9cbf-222f482d38f7.json credentials-file:/home/iamthat/.cloudflared/5633b93c-1031-401a-9cbf-222f482d38f7.json ha-connections:1 logfile:/home/iamthat/Документы/work/drift/.tunnel.log no-autoupdate:true p:http2 protocol:http2 url:http://127.0.0.1:8095]"}
{"level":"info","time":"2026-10-04T07:58:43Z","message":"Generated Connector ID: 05d6a5d5-5544-4fbf-af36-7634e540132e"}
{"level":"info","time":"2026-10-04T07:58:43Z","message":"Initial protocol http2"}
{"level":"info","time":"2026-10-04T07:58:43Z","message":"ICMP proxy will use 100.125.141.11 as source for IPv4"}
{"level":"info","time":"2026-10-04T07:58:43Z","message":"ICMP proxy will use fe80::b6a9:fcff:fe95:250f in zone enp1s0 as source for IPv6"}
{"level":"info","time":"2026-10-04T07:58:43Z","message":"ICMP proxy will use 100.125.141.11 as source for IPv4"}
{"level":"info","time":"2026-10-04T07:58:43Z","message":"ICMP proxy will use fe80::b6a9:fcff:fe95:250f in zone enp1s0 as source for IPv6"}
{"level":"info","time":"2026-10-04T07:58:43Z","message":"Starting metrics server on 127.0.0.1:20242/metrics"}
{"level":"info","event":0,"ip":"198.41.192.227","connIndex":0,"time":"2026-10-04T07:58:43Z","message":"Tunnel connection curve preferences: [X25519MLKEM768 CurveID(65074) CurveP256]"}
{"level":"info","event":0,"connection":"0719d5d4-3333-4cce-bdcd-b0f164802b90","connIndex":0,"location":"ams08","ip":"198.41.192.227","protocol":"http2","time":"2026-10-04T07:58:48Z","message":"Registered tunnel connection"}
{"level":"info","time":"2026-10-04T07:58:53Z","message":"+-----------------------------------------------------------------------------------------------+"}
{"level":"info","time":"2026-10-04T07:58:53Z","message":"|                                    CONNECTIVITY PRE-CHECKS                                    |"}
{"level":"info","time":"2026-10-04T07:58:53Z","message":"+-----------------------------------------------------------------------------------------------+"}
{"level":"info","time":"2026-10-04T07:58:53Z","message":"|  COMPONENT         TARGET                     STATUS  DETAILS                                 |"}
{"level":"info","time":"2026-10-04T07:58:53Z","message":"|  DNS Resolution    region1.v2.argotunnel.com  PASS    DNS Resolved successfully               |"}
{"level":"info","time":"2026-10-04T07:58:53Z","message":"|  DNS Resolution    region2.v2.argotunnel.com  PASS    DNS Resolved successfully               |"}
{"level":"info","time":"2026-10-04T07:58:53Z","message":"|  UDP Connectivity  region1.v2.argotunnel.com  FAIL    QUIC connection failed                  |"}
{"level":"info","time":"2026-10-04T07:58:53Z","message":"|  UDP Connectivity  region2.v2.argotunnel.com  FAIL    QUIC connection failed                  |"}
{"level":"info","time":"2026-10-04T07:58:53Z","message":"|  TCP Connectivity  region1.v2.argotunnel.com  PASS    HTTP/2 connection successful            |"}
{"level":"info","time":"2026-10-04T07:58:53Z","message":"|  TCP Connectivity  region2.v2.argotunnel.com  PASS    HTTP/2 connection successful            |"}
{"level":"info","time":"2026-10-04T07:58:53Z","message":"|  Cloudflare API    api.cloudflare.com:443     PASS    API is reachable                        |"}
{"level":"info","time":"2026-10-04T07:58:53Z","message":"|  WARNING: Allow outbound QUIC traffic on port 7844 or use HTTP2.                              |"}
{"level":"info","time":"2026-10-04T07:58:53Z","message":"|  WARNING: Allow outbound QUIC traffic on port 7844 or use HTTP2.                              |"}
{"level":"info","time":"2026-10-04T07:58:53Z","message":"|                                                                                               |"}
{"level":"info","time":"2026-10-04T07:58:53Z","message":"|  SUMMARY: Environment ready with degraded transport. cloudflared will proceed using 'http2'.  |"}
{"level":"info","time":"2026-10-04T07:58:53Z","message":"+-----------------------------------------------------------------------------------------------+"}
{"level":"info","run_id":"18180017-f9a6-40f3-8c7e-8286fe31bfcd","component":"DNS Resolution","target":"region1.v2.argotunnel.com","status":"pass","details":"DNS Resolved successfully","time":"2026-10-04T07:58:53Z","message":"precheck"}
{"level":"info","run_id":"18180017-f9a6-40f3-8c7e-8286fe31bfcd","component":"DNS Resolution","target":"region2.v2.argotunnel.com","status":"pass","details":"DNS Resolved successfully","time":"2026-10-04T07:58:53Z","message":"precheck"}
{"level":"info","run_id":"18180017-f9a6-40f3-8c7e-8286fe31bfcd","component":"UDP Connectivity","target":"region1.v2.argotunnel.com","status":"fail","details":"QUIC connection failed","time":"2026-10-04T07:58:53Z","message":"precheck"}
{"level":"info","run_id":"18180017-f9a6-40f3-8c7e-8286fe31bfcd","component":"UDP Connectivity","target":"region2.v2.argotunnel.com","status":"fail","details":"QUIC connection failed","time":"2026-10-04T07:58:53Z","message":"precheck"}
{"level":"info","run_id":"18180017-f9a6-40f3-8c7e-8286fe31bfcd","component":"TCP Connectivity","target":"region1.v2.argotunnel.com","status":"pass","details":"HTTP/2 connection successful","time":"2026-10-04T07:58:53Z","message":"precheck"}
{"level":"info","run_id":"18180017-f9a6-40f3-8c7e-8286fe31bfcd","component":"TCP Connectivity","target":"region2.v2.argotunnel.com","status":"pass","details":"HTTP/2 connection successful","time":"2026-10-04T07:58:53Z","message":"precheck"}
{"level":"info","run_id":"18180017-f9a6-40f3-8c7e-8286fe31bfcd","component":"Cloudflare API","target":"api.cloudflare.com:443","status":"pass","details":"API is reachable","time":"2026-10-04T07:58:53Z","message":"precheck"}
{"level":"info","run_id":"18180017-f9a6-40f3-8c7e-8286fe31bfcd","hard_fail":false,"suggested_protocol":"http2","time":"2026-10-04T07:58:53Z","message":"precheck complete"}
{"level":"info","connIndex":0,"time":"2026-10-04T09:00:28Z","message":"Lost connection with the edge"}
{"level":"error","event":0,"ip":"198.41.192.227","connIndex":0,"error":"connection with edge closed","time":"2026-10-04T09:00:28Z","message":"Serve tunnel error"}
{"level":"info","event":0,"ip":"198.41.192.227","connIndex":0,"time":"2026-10-04T09:00:28Z","message":"Retrying connection in up to 2s"}
{"level":"error","error":"Error shutting down control stream: client disconnected","time":"2026-10-04T09:00:28Z","message":"failed to serve incoming request"}
{"level":"error","error":"connection with edge closed","connIndex":0,"time":"2026-10-04T09:00:30Z","message":"Connection terminated"}
{"level":"info","event":0,"ip":"198.41.192.227","connIndex":0,"time":"2026-10-04T09:00:31Z","message":"Tunnel connection curve preferences: [X25519MLKEM768 CurveID(65074) CurveP256]"}
{"level":"error","event":0,"ip":"198.41.192.227","connIndex":0,"error":"TLS handshake with edge error: read tcp 198.18.0.1:47802->198.41.192.227:7844: i/o timeout","time":"2026-10-04T09:00:46Z","message":"Unable to establish connection with Cloudflare edge"}
{"level":"error","event":0,"ip":"198.41.192.227","connIndex":0,"error":"TLS handshake with edge error: read tcp 198.18.0.1:47802->198.41.192.227:7844: i/o timeout","time":"2026-10-04T09:00:46Z","message":"Serve tunnel error"}
{"level":"info","event":0,"ip":"198.41.192.227","connIndex":0,"time":"2026-10-04T09:00:46Z","message":"Retrying connection in up to 4s"}
{"level":"error","error":"TLS handshake with edge error: read tcp 198.18.0.1:47802->198.41.192.227:7844: i/o timeout","connIndex":0,"time":"2026-10-04T09:00:47Z","message":"Connection terminated"}
{"level":"info","event":0,"ip":"198.41.192.37","connIndex":0,"time":"2026-10-04T09:01:17Z","message":"Tunnel connection curve preferences: [X25519MLKEM768 CurveID(65074) CurveP256]"}
{"level":"info","event":0,"connection":"17e4cda7-a361-4944-b5b2-0f134f17f0ee","connIndex":0,"location":"ams13","ip":"198.41.192.37","protocol":"http2","time":"2026-10-04T09:01:24Z","message":"Registered tunnel connection"}
{"level":"info","connIndex":0,"time":"2026-10-04T09:02:55Z","message":"Lost connection with the edge"}
{"level":"warn","event":0,"ip":"198.41.192.37","connIndex":0,"error":"connection with edge closed","time":"2026-10-04T09:02:55Z","message":"Serve tunnel error"}
{"level":"error","error":"Error shutting down control stream: client disconnected","time":"2026-10-04T09:02:55Z","message":"failed to serve incoming request"}
{"level":"info","event":0,"ip":"198.41.192.37","connIndex":0,"time":"2026-10-04T09:02:55Z","message":"Retrying connection in up to 2s"}
{"level":"error","error":"connection with edge closed","connIndex":0,"time":"2026-10-04T09:02:57Z","message":"Connection terminated"}
{"level":"info","event":0,"ip":"198.41.192.37","connIndex":0,"time":"2026-10-04T09:03:05Z","message":"Tunnel connection curve preferences: [X25519MLKEM768 CurveID(65074) CurveP256]"}
{"level":"info","event":0,"connection":"28675f2b-7fcf-427f-ab89-d52ef3ed4c6b","connIndex":0,"location":"ams07","ip":"198.41.192.37","protocol":"http2","time":"2026-10-04T09:03:17Z","message":"Registered tunnel connection"}
{"level":"error","error":"Error shutting down control stream: context canceled","time":"2026-10-04T09:08:17Z","message":"failed to serve incoming request"}
{"level":"info","event":0,"ip":"198.41.192.37","connIndex":0,"time":"2026-10-04T09:08:17Z","message":"Retrying connection in up to 2s"}
{"level":"error","error":"Error shutting down control stream: context canceled","connIndex":0,"time":"2026-10-04T09:08:18Z","message":"Connection terminated"}
{"level":"info","event":0,"ip":"198.41.192.37","connIndex":0,"time":"2026-10-04T09:08:38Z","message":"Tunnel connection curve preferences: [X25519MLKEM768 CurveID(65074) CurveP256]"}
{"level":"info","event":0,"connection":"92483000-62f2-4ba9-9e56-d7e4bd3059fe","connIndex":0,"location":"ams21","ip":"198.41.192.37","protocol":"http2","time":"2026-10-04T09:08:53Z","message":"Registered tunnel connection"}
{"level":"info","connIndex":0,"time":"2026-10-04T09:11:34Z","message":"Lost connection with the edge"}
{"level":"warn","event":0,"ip":"198.41.192.37","connIndex":0,"error":"connection with edge closed","time":"2026-10-04T09:11:34Z","message":"Serve tunnel error"}
{"level":"info","event":0,"ip":"198.41.192.37","connIndex":0,"time":"2026-10-04T09:11:34Z","message":"Retrying connection in up to 2s"}
{"level":"error","error":"Error shutting down control stream: client disconnected","time":"2026-10-04T09:11:34Z","message":"failed to serve incoming request"}
{"level":"error","error":"connection with edge closed","connIndex":0,"time":"2026-10-04T09:11:36Z","message":"Connection terminated"}
{"level":"info","event":0,"ip":"198.41.192.37","connIndex":0,"time":"2026-10-04T09:11:50Z","message":"Tunnel connection curve preferences: [X25519MLKEM768 CurveID(65074) CurveP256]"}
{"level":"info","event":0,"connection":"a407c922-f6ee-4326-8935-bc77f0587d8c","connIndex":0,"location":"ams13","ip":"198.41.192.37","protocol":"http2","time":"2026-10-04T09:11:54Z","message":"Registered tunnel connection"}
{"level":"error","error":"Error shutting down control stream: context canceled","time":"2026-10-04T12:00:29Z","message":"failed to serve incoming request"}
{"level":"info","event":0,"ip":"198.41.192.37","connIndex":0,"time":"2026-10-04T12:00:29Z","message":"Retrying connection in up to 2s"}
{"level":"error","error":"Error shutting down control stream: context canceled","connIndex":0,"time":"2026-10-04T12:00:30Z","message":"Connection terminated"}
{"level":"info","event":0,"ip":"198.41.192.37","connIndex":0,"time":"2026-10-04T12:00:46Z","message":"Tunnel connection curve preferences: [X25519MLKEM768 CurveID(65074) CurveP256]"}
{"level":"info","event":0,"connection":"4886a83e-a09a-4a3e-b389-24ccbcb791c1","connIndex":0,"location":"ams08","ip":"198.41.192.37","protocol":"http2","time":"2026-10-04T12:00:54Z","message":"Registered tunnel connection"}
{"level":"info","connIndex":0,"time":"2026-10-04T13:00:29Z","message":"Lost connection with the edge"}
{"level":"error","event":0,"ip":"198.41.192.37","connIndex":0,"error":"connection with edge closed","time":"2026-10-04T13:00:29Z","message":"Serve tunnel error"}
{"level":"info","event":0,"ip":"198.41.192.37","connIndex":0,"time":"2026-10-04T13:00:29Z","message":"Retrying connection in up to 2s"}
{"level":"error","error":"Error shutting down control stream: client disconnected","time":"2026-10-04T13:00:29Z","message":"failed to serve incoming request"}
{"level":"error","error":"connection with edge closed","connIndex":0,"time":"2026-10-04T13:00:30Z","message":"Connection terminated"}
{"level":"info","event":0,"ip":"198.41.192.37","connIndex":0,"time":"2026-10-04T13:00:48Z","message":"Tunnel connection curve preferences: [X25519MLKEM768 CurveID(65074) CurveP256]"}
{"level":"info","event":0,"connection":"6deeddb7-abc0-424e-85ba-bb9d70437c01","connIndex":0,"location":"ams08","ip":"198.41.192.37","protocol":"http2","time":"2026-10-04T13:00:52Z","message":"Registered tunnel connection"}
{"level":"info","connIndex":0,"time":"2026-10-04T14:14:16Z","message":"Lost connection with the edge"}
{"level":"warn","event":0,"ip":"198.41.192.37","connIndex":0,"error":"connection with edge closed","time":"2026-10-04T14:14:16Z","message":"Serve tunnel error"}
{"level":"info","event":0,"ip":"198.41.192.37","connIndex":0,"time":"2026-10-04T14:14:16Z","message":"Retrying connection in up to 2s"}
{"level":"error","error":"Error shutting down control stream: context canceled","time":"2026-10-04T14:14:16Z","message":"failed to serve incoming request"}
{"level":"error","error":"connection with edge closed","connIndex":0,"time":"2026-10-04T14:14:17Z","message":"Connection terminated"}
{"level":"info","event":0,"ip":"198.41.192.37","connIndex":0,"time":"2026-10-04T14:14:22Z","message":"Tunnel connection curve preferences: [X25519MLKEM768 CurveID(65074) CurveP256]"}
{"level":"info","event":0,"connection":"494fb989-ce7a-438c-8de5-2111ae54c1e8","connIndex":0,"location":"ams21","ip":"198.41.192.37","protocol":"http2","time":"2026-10-04T14:14:26Z","message":"Registered tunnel connection"}
{"level":"info","connIndex":0,"time":"2026-10-04T16:00:28Z","message":"Lost connection with the edge"}
{"level":"error","event":0,"ip":"198.41.192.37","connIndex":0,"error":"connection with edge closed","time":"2026-10-04T16:00:28Z","message":"Serve tunnel error"}
{"level":"info","event":0,"ip":"198.41.192.37","connIndex":0,"time":"2026-10-04T16:00:28Z","message":"Retrying connection in up to 2s"}
{"level":"error","error":"Error shutting down control stream: context canceled","time":"2026-10-04T16:00:28Z","message":"failed to serve incoming request"}
{"level":"error","error":"connection with edge closed","connIndex":0,"time":"2026-10-04T16:00:28Z","message":"Connection terminated"}
{"level":"info","event":0,"ip":"198.41.192.37","connIndex":0,"time":"2026-10-04T16:00:44Z","message":"Tunnel connection curve preferences: [X25519MLKEM768 CurveID(65074) CurveP256]"}
{"level":"info","event":0,"connection":"8b6b2b10-56ca-4cfc-ac00-45bf7a5d5495","connIndex":0,"location":"ams13","ip":"198.41.192.37","protocol":"http2","time":"2026-10-04T16:00:46Z","message":"Registered tunnel connection"}
{"level":"error","error":"Error shutting down control stream: client disconnected","time":"2026-10-04T16:20:29Z","message":"failed to serve incoming request"}
{"level":"info","connIndex":0,"time":"2026-10-04T16:20:29Z","message":"Lost connection with the edge"}
{"level":"error","event":0,"ip":"198.41.192.37","connIndex":0,"error":"connection with edge closed","time":"2026-10-04T16:20:29Z","message":"Serve tunnel error"}
{"level":"info","event":0,"ip":"198.41.192.37","connIndex":0,"time":"2026-10-04T16:20:29Z","message":"Retrying connection in up to 2s"}
{"level":"error","error":"connection with edge closed","connIndex":0,"time":"2026-10-04T16:20:31Z","message":"Connection terminated"}
{"level":"info","event":0,"ip":"198.41.192.37","connIndex":0,"time":"2026-10-04T16:20:50Z","message":"Tunnel connection curve preferences: [X25519MLKEM768 CurveID(65074) CurveP256]"}
{"level":"info","event":0,"connection":"331086ca-6906-453b-9d89-f5f3baaec7a5","connIndex":0,"location":"ams22","ip":"198.41.192.37","protocol":"http2","time":"2026-10-04T16:20:52Z","message":"Registered tunnel connection"}
{"level":"info","connIndex":0,"time":"2026-10-04T16:45:14Z","message":"Lost connection with the edge"}
{"level":"error","event":0,"ip":"198.41.192.37","connIndex":0,"error":"connection with edge closed","time":"2026-10-04T16:45:14Z","message":"Serve tunnel error"}
{"level":"info","event":0,"ip":"198.41.192.37","connIndex":0,"time":"2026-10-04T16:45:14Z","message":"Retrying connection in up to 2s"}
{"level":"error","error":"Error shutting down control stream: client disconnected","time":"2026-10-04T16:45:14Z","message":"failed to serve incoming request"}
{"level":"error","error":"connection with edge closed","connIndex":0,"time":"2026-10-04T16:45:14Z","message":"Connection terminated"}
{"level":"info","event":0,"ip":"198.41.192.37","connIndex":0,"time":"2026-10-04T16:45:20Z","message":"Tunnel connection curve preferences: [X25519MLKEM768 CurveID(65074) CurveP256]"}
{"level":"info","event":0,"connection":"0959c79f-7939-4b6a-8aca-ace1ad0a137a","connIndex":0,"location":"ams22","ip":"198.41.192.37","protocol":"http2","time":"2026-10-04T16:45:23Z","message":"Registered tunnel connection"}
{"level":"info","connIndex":0,"time":"2026-10-04T17:00:18Z","message":"Lost connection with the edge"}
{"level":"error","error":"Error shutting down control stream: client disconnected","time":"2026-10-04T17:00:18Z","message":"failed to serve incoming request"}
{"level":"error","event":0,"ip":"198.41.192.37","connIndex":0,"error":"connection with edge closed","time":"2026-10-04T17:00:18Z","message":"Serve tunnel error"}
{"level":"info","event":0,"ip":"198.41.192.37","connIndex":0,"time":"2026-10-04T17:00:18Z","message":"Retrying connection in up to 2s"}
{"level":"error","error":"connection with edge closed","connIndex":0,"time":"2026-10-04T17:00:19Z","message":"Connection terminated"}
{"level":"info","event":0,"ip":"198.41.192.37","connIndex":0,"time":"2026-10-04T17:00:31Z","message":"Tunnel connection curve preferences: [X25519MLKEM768 CurveID(65074) CurveP256]"}
{"level":"error","event":0,"ip":"198.41.192.37","connIndex":0,"error":"TLS handshake with edge error: read tcp 198.18.0.1:36804->198.41.192.37:7844: i/o timeout","time":"2026-10-04T17:00:46Z","message":"Unable to establish connection with Cloudflare edge"}
{"level":"error","event":0,"ip":"198.41.192.37","connIndex":0,"error":"TLS handshake with edge error: read tcp 198.18.0.1:36804->198.41.192.37:7844: i/o timeout","time":"2026-10-04T17:00:46Z","message":"Serve tunnel error"}
{"level":"info","event":0,"ip":"198.41.192.37","connIndex":0,"time":"2026-10-04T17:00:46Z","message":"Retrying connection in up to 4s"}
{"level":"error","error":"TLS handshake with edge error: read tcp 198.18.0.1:36804->198.41.192.37:7844: i/o timeout","connIndex":0,"time":"2026-10-04T17:00:49Z","message":"Connection terminated"}
{"level":"info","event":0,"ip":"198.41.200.33","connIndex":0,"time":"2026-10-04T17:01:08Z","message":"Tunnel connection curve preferences: [X25519MLKEM768 CurveID(65074) CurveP256]"}
{"level":"error","event":0,"ip":"198.41.200.33","connIndex":0,"error":"TLS handshake with edge error: read tcp 198.18.0.1:43638->198.41.200.33:7844: i/o timeout","time":"2026-10-04T17:01:23Z","message":"Unable to establish connection with Cloudflare edge"}
{"level":"error","event":0,"ip":"198.41.200.33","connIndex":0,"error":"TLS handshake with edge error: read tcp 198.18.0.1:43638->198.41.200.33:7844: i/o timeout","time":"2026-10-04T17:01:23Z","message":"Serve tunnel error"}
{"level":"info","event":0,"ip":"198.41.200.33","connIndex":0,"time":"2026-10-04T17:01:23Z","message":"Retrying connection in up to 8s"}
{"level":"error","error":"TLS handshake with edge error: read tcp 198.18.0.1:43638->198.41.200.33:7844: i/o timeout","connIndex":0,"time":"2026-10-04T17:01:29Z","message":"Connection terminated"}
{"level":"info","event":0,"ip":"198.41.192.67","connIndex":0,"time":"2026-10-04T17:02:28Z","message":"Tunnel connection curve preferences: [X25519MLKEM768 CurveID(65074) CurveP256]"}
{"level":"error","event":0,"ip":"198.41.192.67","connIndex":0,"error":"TLS handshake with edge error: read tcp 198.18.0.1:59650->198.41.192.67:7844: i/o timeout","time":"2026-10-04T17:02:43Z","message":"Unable to establish connection with Cloudflare edge"}
{"level":"error","event":0,"ip":"198.41.192.67","connIndex":0,"error":"TLS handshake with edge error: read tcp 198.18.0.1:59650->198.41.192.67:7844: i/o timeout","time":"2026-10-04T17:02:43Z","message":"Serve tunnel error"}
{"level":"info","event":0,"ip":"198.41.192.67","connIndex":0,"time":"2026-10-04T17:02:43Z","message":"Retrying connection in up to 16s"}
{"level":"error","error":"TLS handshake with edge error: read tcp 198.18.0.1:59650->198.41.192.67:7844: i/o timeout","connIndex":0,"time":"2026-10-04T17:02:58Z","message":"Connection terminated"}
{"level":"info","event":0,"ip":"198.41.200.43","connIndex":0,"time":"2026-10-04T17:05:31Z","message":"Tunnel connection curve preferences: [X25519MLKEM768 CurveID(65074) CurveP256]"}
{"level":"info","event":0,"connection":"6efc8395-5a6e-47ca-a4ec-39e51e11f501","connIndex":0,"location":"ams06","ip":"198.41.200.43","protocol":"http2","time":"2026-10-04T17:05:36Z","message":"Registered tunnel connection"}
{"level":"info","connIndex":0,"time":"2026-10-04T17:29:05Z","message":"Lost connection with the edge"}
{"level":"error","error":"Error shutting down control stream: client disconnected","time":"2026-10-04T17:29:05Z","message":"failed to serve incoming request"}
{"level":"error","event":0,"ip":"198.41.200.43","connIndex":0,"error":"connection with edge closed","time":"2026-10-04T17:29:05Z","message":"Serve tunnel error"}
{"level":"info","event":0,"ip":"198.41.200.43","connIndex":0,"time":"2026-10-04T17:29:05Z","message":"Retrying connection in up to 2s"}
{"level":"error","error":"connection with edge closed","connIndex":0,"time":"2026-10-04T17:29:07Z","message":"Connection terminated"}
{"level":"info","event":0,"ip":"198.41.200.43","connIndex":0,"time":"2026-10-04T17:29:26Z","message":"Tunnel connection curve preferences: [X25519MLKEM768 CurveID(65074) CurveP256]"}
{"level":"info","event":0,"connection":"87b5f44b-e9b0-464d-a50b-4f6d664fb2ef","connIndex":0,"location":"ams20","ip":"198.41.200.43","protocol":"http2","time":"2026-10-04T17:29:32Z","message":"Registered tunnel connection"}
{"level":"info","connIndex":0,"time":"2026-10-04T17:31:03Z","message":"Lost connection with the edge"}
{"level":"warn","event":0,"ip":"198.41.200.43","connIndex":0,"error":"connection with edge closed","time":"2026-10-04T17:31:03Z","message":"Serve tunnel error"}
{"level":"info","event":0,"ip":"198.41.200.43","connIndex":0,"time":"2026-10-04T17:31:03Z","message":"Retrying connection in up to 2s"}
{"level":"error","error":"Error shutting down control stream: context canceled","time":"2026-10-04T17:31:03Z","message":"failed to serve incoming request"}
{"level":"error","error":"connection with edge closed","connIndex":0,"time":"2026-10-04T17:31:04Z","message":"Connection terminated"}
{"level":"info","event":0,"ip":"198.41.200.43","connIndex":0,"time":"2026-10-04T17:31:14Z","message":"Tunnel connection curve preferences: [X25519MLKEM768 CurveID(65074) CurveP256]"}
{"level":"error","event":0,"ip":"198.41.200.43","connIndex":0,"error":"TLS handshake with edge error: read tcp 198.18.0.1:47610->198.41.200.43:7844: i/o timeout","time":"2026-10-04T17:31:29Z","message":"Unable to establish connection with Cloudflare edge"}
{"level":"error","event":0,"ip":"198.41.200.43","connIndex":0,"error":"TLS handshake with edge error: read tcp 198.18.0.1:47610->198.41.200.43:7844: i/o timeout","time":"2026-10-04T17:31:29Z","message":"Serve tunnel error"}
{"level":"info","event":0,"ip":"198.41.200.43","connIndex":0,"time":"2026-10-04T17:31:29Z","message":"Retrying connection in up to 4s"}
{"level":"error","error":"TLS handshake with edge error: read tcp 198.18.0.1:47610->198.41.200.43:7844: i/o timeout","connIndex":0,"time":"2026-10-04T17:31:30Z","message":"Connection terminated"}
{"level":"info","event":0,"ip":"198.41.192.107","connIndex":0,"time":"2026-10-04T17:32:06Z","message":"Tunnel connection curve preferences: [X25519MLKEM768 CurveID(65074) CurveP256]"}
{"level":"error","event":0,"ip":"198.41.192.107","connIndex":0,"error":"TLS handshake with edge error: read tcp 198.18.0.1:54754->198.41.192.107:7844: i/o timeout","time":"2026-10-04T17:32:21Z","message":"Unable to establish connection with Cloudflare edge"}
{"level":"error","event":0,"ip":"198.41.192.107","connIndex":0,"error":"TLS handshake with edge error: read tcp 198.18.0.1:54754->198.41.192.107:7844: i/o timeout","time":"2026-10-04T17:32:21Z","message":"Serve tunnel error"}
{"level":"info","event":0,"ip":"198.41.192.107","connIndex":0,"time":"2026-10-04T17:32:21Z","message":"Retrying connection in up to 8s"}
{"level":"error","error":"TLS handshake with edge error: read tcp 198.18.0.1:54754->198.41.192.107:7844: i/o timeout","connIndex":0,"time":"2026-10-04T17:32:27Z","message":"Connection terminated"}
{"level":"info","event":0,"ip":"198.41.192.27","connIndex":0,"time":"2026-10-04T17:33:15Z","message":"Tunnel connection curve preferences: [X25519MLKEM768 CurveID(65074) CurveP256]"}
{"level":"error","event":0,"ip":"198.41.192.27","connIndex":0,"error":"TLS handshake with edge error: read tcp 198.18.0.1:49166->198.41.192.27:7844: i/o timeout","time":"2026-10-04T17:33:30Z","message":"Unable to establish connection with Cloudflare edge"}
{"level":"error","event":0,"ip":"198.41.192.27","connIndex":0,"error":"TLS handshake with edge error: read tcp 198.18.0.1:49166->198.41.192.27:7844: i/o timeout","time":"2026-10-04T17:33:30Z","message":"Serve tunnel error"}
{"level":"info","event":0,"ip":"198.41.192.27","connIndex":0,"time":"2026-10-04T17:33:30Z","message":"Retrying connection in up to 16s"}
{"level":"error","error":"TLS handshake with edge error: read tcp 198.18.0.1:49166->198.41.192.27:7844: i/o timeout","connIndex":0,"time":"2026-10-04T17:33:41Z","message":"Connection terminated"}
{"level":"info","event":0,"ip":"198.41.200.53","connIndex":0,"time":"2026-10-04T17:35:57Z","message":"Tunnel connection curve preferences: [X25519MLKEM768 CurveID(65074) CurveP256]"}
{"level":"info","connIndex":0,"time":"2026-10-04T17:36:11Z","message":"Lost connection with the edge"}
{"level":"error","event":0,"ip":"198.41.200.53","connIndex":0,"error":"connection with edge closed","time":"2026-10-04T17:36:11Z","message":"Serve tunnel error"}
{"level":"info","event":0,"ip":"198.41.200.53","connIndex":0,"time":"2026-10-04T17:36:11Z","message":"Retrying connection in up to 32s"}
{"level":"error","error":"connection with edge closed","connIndex":0,"time":"2026-10-04T17:36:35Z","message":"Connection terminated"}
{"level":"info","event":0,"ip":"198.41.200.53","connIndex":0,"time":"2026-10-04T17:37:48Z","message":"Tunnel connection curve preferences: [X25519MLKEM768 CurveID(65074) CurveP256]"}
{"level":"error","event":0,"ip":"198.41.200.53","connIndex":0,"error":"TLS handshake with edge error: read tcp 198.18.0.1:54914->198.41.200.53:7844: i/o timeout","time":"2026-10-04T17:38:03Z","message":"Unable to establish connection with Cloudflare edge"}
{"level":"error","event":0,"ip":"198.41.200.53","connIndex":0,"error":"TLS handshake with edge error: read tcp 198.18.0.1:54914->198.41.200.53:7844: i/o timeout","time":"2026-10-04T17:38:03Z","message":"Serve tunnel error"}
{"level":"info","event":0,"ip":"198.41.200.53","connIndex":0,"time":"2026-10-04T17:38:03Z","message":"Retrying connection in up to 32s"}
{"level":"error","error":"TLS handshake with edge error: read tcp 198.18.0.1:54914->198.41.200.53:7844: i/o timeout","connIndex":0,"time":"2026-10-04T17:38:18Z","message":"Connection terminated"}
{"level":"error","error":"lookup region1.v2.argotunnel.com: i/o timeout","time":"2026-10-04T17:38:48Z","message":"Failed to refresh DNS local resolver"}
{"level":"info","event":0,"ip":"198.41.192.107","connIndex":0,"time":"2026-10-04T17:43:28Z","message":"Tunnel connection curve preferences: [X25519MLKEM768 CurveID(65074) CurveP256]"}
{"level":"error","event":0,"ip":"198.41.192.107","connIndex":0,"error":"TLS handshake with edge error: read tcp 198.18.0.1:54608->198.41.192.107:7844: i/o timeout","time":"2026-10-04T17:43:43Z","message":"Unable to establish connection with Cloudflare edge"}
{"level":"error","event":0,"ip":"198.41.192.107","connIndex":0,"error":"TLS handshake with edge error: read tcp 198.18.0.1:54608->198.41.192.107:7844: i/o timeout","time":"2026-10-04T17:43:43Z","message":"Serve tunnel error"}
{"level":"info","event":0,"ip":"198.41.192.107","connIndex":0,"time":"2026-10-04T17:43:43Z","message":"Retrying connection in up to 32s"}
{"level":"error","error":"TLS handshake with edge error: read tcp 198.18.0.1:54608->198.41.192.107:7844: i/o timeout","connIndex":0,"time":"2026-10-04T17:43:45Z","message":"Connection terminated"}
{"level":"info","event":0,"ip":"198.41.200.43","connIndex":0,"time":"2026-10-04T17:44:10Z","message":"Tunnel connection curve preferences: [X25519MLKEM768 CurveID(65074) CurveP256]"}
{"level":"error","event":0,"ip":"198.41.200.43","connIndex":0,"error":"TLS handshake with edge error: read tcp 198.18.0.1:55476->198.41.200.43:7844: i/o timeout","time":"2026-10-04T17:44:25Z","message":"Unable to establish connection with Cloudflare edge"}
{"level":"error","event":0,"ip":"198.41.200.43","connIndex":0,"error":"TLS handshake with edge error: read tcp 198.18.0.1:55476->198.41.200.43:7844: i/o timeout","time":"2026-10-04T17:44:25Z","message":"Serve tunnel error"}
{"level":"info","event":0,"ip":"198.41.200.43","connIndex":0,"time":"2026-10-04T17:44:25Z","message":"Retrying connection in up to 32s"}
{"level":"error","error":"TLS handshake with edge error: read tcp 198.18.0.1:55476->198.41.200.43:7844: i/o timeout","connIndex":0,"time":"2026-10-04T17:44:40Z","message":"Connection terminated"}
{"level":"info","event":0,"ip":"198.41.192.37","connIndex":0,"time":"2026-10-04T17:46:36Z","message":"Tunnel connection curve preferences: [X25519MLKEM768 CurveID(65074) CurveP256]"}
{"level":"error","event":0,"ip":"198.41.192.37","connIndex":0,"error":"TLS handshake with edge error: read tcp 198.18.0.1:36072->198.41.192.37:7844: i/o timeout","time":"2026-10-04T17:46:51Z","message":"Unable to establish connection with Cloudflare edge"}
{"level":"error","event":0,"ip":"198.41.192.37","connIndex":0,"error":"TLS handshake with edge error: read tcp 198.18.0.1:36072->198.41.192.37:7844: i/o timeout","time":"2026-10-04T17:46:51Z","message":"Serve tunnel error"}
{"level":"info","event":0,"ip":"198.41.192.37","connIndex":0,"time":"2026-10-04T17:46:51Z","message":"Retrying connection in up to 32s"}
{"level":"error","error":"TLS handshake with edge error: read tcp 198.18.0.1:36072->198.41.192.37:7844: i/o timeout","connIndex":0,"time":"2026-10-04T17:47:01Z","message":"Connection terminated"}
{"level":"info","event":0,"ip":"198.41.192.67","connIndex":0,"time":"2026-10-04T17:51:29Z","message":"Tunnel connection curve preferences: [X25519MLKEM768 CurveID(65074) CurveP256]"}
{"level":"error","event":0,"ip":"198.41.192.67","connIndex":0,"error":"TLS handshake with edge error: read tcp 198.18.0.1:44280->198.41.192.67:7844: i/o timeout","time":"2026-10-04T17:51:44Z","message":"Unable to establish connection with Cloudflare edge"}
{"level":"error","event":0,"ip":"198.41.192.67","connIndex":0,"error":"TLS handshake with edge error: read tcp 198.18.0.1:44280->198.41.192.67:7844: i/o timeout","time":"2026-10-04T17:51:44Z","message":"Serve tunnel error"}
{"level":"info","event":0,"ip":"198.41.192.67","connIndex":0,"time":"2026-10-04T17:51:44Z","message":"Retrying connection in up to 32s"}
{"level":"error","error":"TLS handshake with edge error: read tcp 198.18.0.1:44280->198.41.192.67:7844: i/o timeout","connIndex":0,"time":"2026-10-04T17:51:52Z","message":"Connection terminated"}
{"level":"info","event":0,"ip":"198.41.192.167","connIndex":0,"time":"2026-10-04T17:56:38Z","message":"Tunnel connection curve preferences: [X25519MLKEM768 CurveID(65074) CurveP256]"}
{"level":"error","event":0,"ip":"198.41.192.167","connIndex":0,"error":"TLS handshake with edge error: read tcp 198.18.0.1:44542->198.41.192.167:7844: i/o timeout","time":"2026-10-04T17:56:53Z","message":"Unable to establish connection with Cloudflare edge"}
{"level":"error","event":0,"ip":"198.41.192.167","connIndex":0,"error":"TLS handshake with edge error: read tcp 198.18.0.1:44542->198.41.192.167:7844: i/o timeout","time":"2026-10-04T17:56:53Z","message":"Serve tunnel error"}
{"level":"info","event":0,"ip":"198.41.192.167","connIndex":0,"time":"2026-10-04T17:56:53Z","message":"Retrying connection in up to 32s"}
{"level":"error","error":"TLS handshake with edge error: read tcp 198.18.0.1:44542->198.41.192.167:7844: i/o timeout","connIndex":0,"time":"2026-10-04T17:57:23Z","message":"Connection terminated"}
{"level":"error","error":"lookup region1.v2.argotunnel.com: i/o timeout","time":"2026-10-04T17:58:53Z","message":"Failed to refresh DNS local resolver"}
{"level":"info","event":0,"ip":"198.41.192.227","connIndex":0,"time":"2026-10-04T17:59:47Z","message":"Tunnel connection curve preferences: [X25519MLKEM768 CurveID(65074) CurveP256]"}
{"level":"error","event":0,"ip":"198.41.192.227","connIndex":0,"error":"TLS handshake with edge error: read tcp 198.18.0.1:57064->198.41.192.227:7844: i/o timeout","time":"2026-10-04T18:00:02Z","message":"Unable to establish connection with Cloudflare edge"}
{"level":"error","event":0,"ip":"198.41.192.227","connIndex":0,"error":"TLS handshake with edge error: read tcp 198.18.0.1:57064->198.41.192.227:7844: i/o timeout","time":"2026-10-04T18:00:02Z","message":"Serve tunnel error"}
{"level":"info","event":0,"ip":"198.41.192.227","connIndex":0,"time":"2026-10-04T18:00:02Z","message":"Retrying connection in up to 32s"}
{"level":"error","error":"TLS handshake with edge error: read tcp 198.18.0.1:57064->198.41.192.227:7844: i/o timeout","connIndex":0,"time":"2026-10-04T18:00:03Z","message":"Connection terminated"}
{"level":"info","event":0,"ip":"198.41.192.7","connIndex":0,"time":"2026-10-04T18:05:04Z","message":"Tunnel connection curve preferences: [X25519MLKEM768 CurveID(65074) CurveP256]"}
{"level":"error","event":0,"ip":"198.41.192.7","connIndex":0,"error":"TLS handshake with edge error: read tcp 198.18.0.1:39040->198.41.192.7:7844: i/o timeout","time":"2026-10-04T18:05:19Z","message":"Unable to establish connection with Cloudflare edge"}
{"level":"error","event":0,"ip":"198.41.192.7","connIndex":0,"error":"TLS handshake with edge error: read tcp 198.18.0.1:39040->198.41.192.7:7844: i/o timeout","time":"2026-10-04T18:05:19Z","message":"Serve tunnel error"}
{"level":"info","event":0,"ip":"198.41.192.7","connIndex":0,"time":"2026-10-04T18:05:19Z","message":"Retrying connection in up to 32s"}
{"level":"error","error":"TLS handshake with edge error: read tcp 198.18.0.1:39040->198.41.192.7:7844: i/o timeout","connIndex":0,"time":"2026-10-04T18:05:45Z","message":"Connection terminated"}
{"level":"info","event":0,"ip":"198.41.200.23","connIndex":0,"time":"2026-10-04T18:08:03Z","message":"Tunnel connection curve preferences: [X25519MLKEM768 CurveID(65074) CurveP256]"}
{"level":"error","event":0,"ip":"198.41.200.23","connIndex":0,"error":"TLS handshake with edge error: read tcp 198.18.0.1:43340->198.41.200.23:7844: i/o timeout","time":"2026-10-04T18:08:18Z","message":"Unable to establish connection with Cloudflare edge"}
{"level":"error","event":0,"ip":"198.41.200.23","connIndex":0,"error":"TLS handshake with edge error: read tcp 198.18.0.1:43340->198.41.200.23:7844: i/o timeout","time":"2026-10-04T18:08:18Z","message":"Serve tunnel error"}
{"level":"info","event":0,"ip":"198.41.200.23","connIndex":0,"time":"2026-10-04T18:08:18Z","message":"Retrying connection in up to 32s"}
{"level":"error","error":"TLS handshake with edge error: read tcp 198.18.0.1:43340->198.41.200.23:7844: i/o timeout","connIndex":0,"time":"2026-10-04T18:08:28Z","message":"Connection terminated"}
{"level":"info","event":0,"ip":"198.41.200.33","connIndex":0,"time":"2026-10-04T18:11:02Z","message":"Tunnel connection curve preferences: [X25519MLKEM768 CurveID(65074) CurveP256]"}
{"level":"error","error":"Unauthorized: Tunnel not found","time":"2026-10-04T18:11:04Z","message":"failed to serve incoming request"}
{"level":"error","event":0,"ip":"198.41.200.33","connIndex":0,"error":"Unauthorized: Tunnel not found","time":"2026-10-04T18:11:05Z","message":"Register tunnel error from server side"}
{"level":"info","event":0,"ip":"198.41.200.33","connIndex":0,"time":"2026-10-04T18:11:05Z","message":"Retrying connection in up to 32s"}
{"level":"error","error":"Unauthorized: Tunnel not found","connIndex":0,"time":"2026-10-04T18:11:30Z","message":"Connection terminated"}
{"level":"info","event":0,"ip":"198.41.200.33","connIndex":0,"time":"2026-10-04T18:13:09Z","message":"Tunnel connection curve preferences: [X25519MLKEM768 CurveID(65074) CurveP256]"}
{"level":"error","error":"Unauthorized: Tunnel not found","time":"2026-10-04T18:13:11Z","message":"failed to serve incoming request"}
{"level":"error","event":0,"ip":"198.41.200.33","connIndex":0,"error":"Unauthorized: Tunnel not found","time":"2026-10-04T18:13:12Z","message":"Register tunnel error from server side"}
{"level":"info","event":0,"ip":"198.41.200.33","connIndex":0,"time":"2026-10-04T18:13:12Z","message":"Retrying connection in up to 32s"}
{"level":"error","error":"Unauthorized: Tunnel not found","connIndex":0,"time":"2026-10-04T18:13:21Z","message":"Connection terminated"}
{"level":"info","event":0,"ip":"198.41.200.33","connIndex":0,"time":"2026-10-04T18:16:27Z","message":"Tunnel connection curve preferences: [X25519MLKEM768 CurveID(65074) CurveP256]"}
{"level":"error","error":"Unauthorized: Tunnel not found","time":"2026-10-04T18:16:29Z","message":"failed to serve incoming request"}
{"level":"error","event":0,"ip":"198.41.200.33","connIndex":0,"error":"Unauthorized: Tunnel not found","time":"2026-10-04T18:16:29Z","message":"Register tunnel error from server side"}
{"level":"info","event":0,"ip":"198.41.200.33","connIndex":0,"time":"2026-10-04T18:16:29Z","message":"Retrying connection in up to 32s"}
{"level":"error","error":"Unauthorized: Tunnel not found","connIndex":0,"time":"2026-10-04T18:16:58Z","message":"Connection terminated"}
{"level":"info","event":0,"ip":"198.41.200.33","connIndex":0,"time":"2026-10-04T18:19:27Z","message":"Tunnel connection curve preferences: [X25519MLKEM768 CurveID(65074) CurveP256]"}
{"level":"error","error":"Unauthorized: Tunnel not found","time":"2026-10-04T18:19:31Z","message":"failed to serve incoming request"}
{"level":"error","event":0,"ip":"198.41.200.33","connIndex":0,"error":"Unauthorized: Tunnel not found","time":"2026-10-04T18:19:31Z","message":"Register tunnel error from server side"}
{"level":"info","event":0,"ip":"198.41.200.33","connIndex":0,"time":"2026-10-04T18:19:31Z","message":"Retrying connection in up to 32s"}
{"level":"error","error":"Unauthorized: Tunnel not found","connIndex":0,"time":"2026-10-04T18:19:54Z","message":"Connection terminated"}
{"level":"info","event":0,"ip":"198.41.200.33","connIndex":0,"time":"2026-10-04T18:20:08Z","message":"Tunnel connection curve preferences: [X25519MLKEM768 CurveID(65074) CurveP256]"}
{"level":"error","error":"Unauthorized: Tunnel not found","time":"2026-10-04T18:20:11Z","message":"failed to serve incoming request"}
{"level":"error","event":0,"ip":"198.41.200.33","connIndex":0,"error":"Unauthorized: Tunnel not found","time":"2026-10-04T18:20:11Z","message":"Register tunnel error from server side"}
{"level":"info","event":0,"ip":"198.41.200.33","connIndex":0,"time":"2026-10-04T18:20:11Z","message":"Retrying connection in up to 32s"}
{"level":"error","error":"Unauthorized: Tunnel not found","connIndex":0,"time":"2026-10-04T18:20:13Z","message":"Connection terminated"}
{"level":"error","error":"lookup region1.v2.argotunnel.com: i/o timeout","time":"2026-10-04T18:23:59Z","message":"Failed to refresh DNS local resolver"}
{"level":"info","event":0,"ip":"198.41.200.33","connIndex":0,"time":"2026-10-04T18:25:07Z","message":"Tunnel connection curve preferences: [X25519MLKEM768 CurveID(65074) CurveP256]"}
{"level":"error","error":"Unauthorized: Tunnel not found","time":"2026-10-04T18:25:08Z","message":"failed to serve incoming request"}
{"level":"error","event":0,"ip":"198.41.200.33","connIndex":0,"error":"Unauthorized: Tunnel not found","time":"2026-10-04T18:25:08Z","message":"Register tunnel error from server side"}
{"level":"info","event":0,"ip":"198.41.200.33","connIndex":0,"time":"2026-10-04T18:25:08Z","message":"Retrying connection in up to 32s"}
{"level":"error","error":"Unauthorized: Tunnel not found","connIndex":0,"time":"2026-10-04T18:25:10Z","message":"Connection terminated"}
{"level":"info","event":0,"ip":"198.41.200.33","connIndex":0,"time":"2026-10-04T18:26:49Z","message":"Tunnel connection curve preferences: [X25519MLKEM768 CurveID(65074) CurveP256]"}
{"level":"error","error":"Unauthorized: Tunnel not found","time":"2026-10-04T18:26:51Z","message":"failed to serve incoming request"}
{"level":"error","event":0,"ip":"198.41.200.33","connIndex":0,"error":"Unauthorized: Tunnel not found","time":"2026-10-04T18:26:51Z","message":"Register tunnel error from server side"}
{"level":"info","event":0,"ip":"198.41.200.33","connIndex":0,"time":"2026-10-04T18:26:51Z","message":"Retrying connection in up to 32s"}
{"level":"error","error":"Unauthorized: Tunnel not found","connIndex":0,"time":"2026-10-04T18:27:07Z","message":"Connection terminated"}
{"level":"info","event":0,"ip":"198.41.200.33","connIndex":0,"time":"2026-10-04T18:28:08Z","message":"Tunnel connection curve preferences: [X25519MLKEM768 CurveID(65074) CurveP256]"}
{"level":"error","error":"Unauthorized: Tunnel not found","time":"2026-10-04T18:28:14Z","message":"failed to serve incoming request"}
{"level":"error","event":0,"ip":"198.41.200.33","connIndex":0,"error":"Unauthorized: Tunnel not found","time":"2026-10-04T18:28:15Z","message":"Register tunnel error from server side"}
{"level":"info","event":0,"ip":"198.41.200.33","connIndex":0,"time":"2026-10-04T18:28:15Z","message":"Retrying connection in up to 32s"}
{"level":"error","error":"Unauthorized: Tunnel not found","connIndex":0,"time":"2026-10-04T18:28:28Z","message":"Connection terminated"}
{"level":"info","event":0,"ip":"198.41.200.33","connIndex":0,"time":"2026-10-04T18:28:31Z","message":"Tunnel connection curve preferences: [X25519MLKEM768 CurveID(65074) CurveP256]"}
{"level":"error","error":"Unauthorized: Tunnel not found","time":"2026-10-04T18:28:34Z","message":"failed to serve incoming request"}
{"level":"error","event":0,"ip":"198.41.200.33","connIndex":0,"error":"Unauthorized: Tunnel not found","time":"2026-10-04T18:28:35Z","message":"Register tunnel error from server side"}
{"level":"info","event":0,"ip":"198.41.200.33","connIndex":0,"time":"2026-10-04T18:28:35Z","message":"Retrying connection in up to 32s"}
{"level":"error","error":"Unauthorized: Tunnel not found","connIndex":0,"time":"2026-10-04T18:29:03Z","message":"Connection terminated"}
{"level":"info","event":0,"ip":"198.41.200.33","connIndex":0,"time":"2026-10-04T18:33:29Z","message":"Tunnel connection curve preferences: [X25519MLKEM768 CurveID(65074) CurveP256]"}
{"level":"error","error":"Unauthorized: Tunnel not found","time":"2026-10-04T18:33:31Z","message":"failed to serve incoming request"}
{"level":"error","event":0,"ip":"198.41.200.33","connIndex":0,"error":"Unauthorized: Tunnel not found","time":"2026-10-04T18:33:32Z","message":"Register tunnel error from server side"}
{"level":"info","event":0,"ip":"198.41.200.33","connIndex":0,"time":"2026-10-04T18:33:32Z","message":"Retrying connection in up to 32s"}
{"level":"error","error":"Unauthorized: Tunnel not found","connIndex":0,"time":"2026-10-04T18:34:01Z","message":"Connection terminated"}
{"level":"info","event":0,"ip":"198.41.200.33","connIndex":0,"time":"2026-10-04T18:34:30Z","message":"Tunnel connection curve preferences: [X25519MLKEM768 CurveID(65074) CurveP256]"}
{"level":"error","error":"Unauthorized: Tunnel not found","time":"2026-10-04T18:34:32Z","message":"failed to serve incoming request"}
{"level":"error","event":0,"ip":"198.41.200.33","connIndex":0,"error":"Unauthorized: Tunnel not found","time":"2026-10-04T18:34:33Z","message":"Register tunnel error from server side"}
{"level":"info","event":0,"ip":"198.41.200.33","connIndex":0,"time":"2026-10-04T18:34:33Z","message":"Retrying connection in up to 32s"}
{"level":"error","error":"Unauthorized: Tunnel not found","connIndex":0,"time":"2026-10-04T18:34:56Z","message":"Connection terminated"}
{"level":"info","event":0,"ip":"198.41.200.33","connIndex":0,"time":"2026-10-04T18:35:40Z","message":"Tunnel connection curve preferences: [X25519MLKEM768 CurveID(65074) CurveP256]"}
{"level":"error","error":"Unauthorized: Tunnel not found","time":"2026-10-04T18:35:42Z","message":"failed to serve incoming request"}
{"level":"error","event":0,"ip":"198.41.200.33","connIndex":0,"error":"Unauthorized: Tunnel not found","time":"2026-10-04T18:35:42Z","message":"Register tunnel error from server side"}
{"level":"info","event":0,"ip":"198.41.200.33","connIndex":0,"time":"2026-10-04T18:35:42Z","message":"Retrying connection in up to 32s"}
{"level":"error","error":"Unauthorized: Tunnel not found","connIndex":0,"time":"2026-10-04T18:36:13Z","message":"Connection terminated"}
{"level":"info","event":0,"ip":"198.41.200.33","connIndex":0,"time":"2026-10-04T18:39:05Z","message":"Tunnel connection curve preferences: [X25519MLKEM768 CurveID(65074) CurveP256]"}
{"level":"error","error":"Unauthorized: Tunnel not found","time":"2026-10-04T18:39:07Z","message":"failed to serve incoming request"}
{"level":"error","event":0,"ip":"198.41.200.33","connIndex":0,"error":"Unauthorized: Tunnel not found","time":"2026-10-04T18:39:07Z","message":"Register tunnel error from server side"}
{"level":"info","event":0,"ip":"198.41.200.33","connIndex":0,"time":"2026-10-04T18:39:07Z","message":"Retrying connection in up to 32s"}
{"level":"error","error":"Unauthorized: Tunnel not found","connIndex":0,"time":"2026-10-04T18:39:20Z","message":"Connection terminated"}
{"level":"info","event":0,"ip":"198.41.200.33","connIndex":0,"time":"2026-10-04T18:40:45Z","message":"Tunnel connection curve preferences: [X25519MLKEM768 CurveID(65074) CurveP256]"}
{"level":"error","error":"Unauthorized: Tunnel not found","time":"2026-10-04T18:40:46Z","message":"failed to serve incoming request"}
{"level":"error","event":0,"ip":"198.41.200.33","connIndex":0,"error":"Unauthorized: Tunnel not found","time":"2026-10-04T18:40:47Z","message":"Register tunnel error from server side"}
{"level":"info","event":0,"ip":"198.41.200.33","connIndex":0,"time":"2026-10-04T18:40:47Z","message":"Retrying connection in up to 32s"}
{"level":"error","error":"Unauthorized: Tunnel not found","connIndex":0,"time":"2026-10-04T18:41:05Z","message":"Connection terminated"}
{"level":"info","event":0,"ip":"198.41.200.33","connIndex":0,"time":"2026-10-04T18:42:42Z","message":"Tunnel connection curve preferences: [X25519MLKEM768 CurveID(65074) CurveP256]"}
{"level":"error","error":"Unauthorized: Tunnel not found","time":"2026-10-04T18:42:44Z","message":"failed to serve incoming request"}
{"level":"error","event":0,"ip":"198.41.200.33","connIndex":0,"error":"Unauthorized: Tunnel not found","time":"2026-10-04T18:42:44Z","message":"Register tunnel error from server side"}
{"level":"info","event":0,"ip":"198.41.200.33","connIndex":0,"time":"2026-10-04T18:42:44Z","message":"Retrying connection in up to 32s"}
{"level":"error","error":"Unauthorized: Tunnel not found","connIndex":0,"time":"2026-10-04T18:43:03Z","message":"Connection terminated"}
{"level":"info","event":0,"ip":"198.41.200.33","connIndex":0,"time":"2026-10-04T18:47:14Z","message":"Tunnel connection curve preferences: [X25519MLKEM768 CurveID(65074) CurveP256]"}
{"level":"error","error":"Unauthorized: Tunnel not found","time":"2026-10-04T18:47:15Z","message":"failed to serve incoming request"}
{"level":"error","event":0,"ip":"198.41.200.33","connIndex":0,"error":"Unauthorized: Tunnel not found","time":"2026-10-04T18:47:16Z","message":"Register tunnel error from server side"}
{"level":"info","event":0,"ip":"198.41.200.33","connIndex":0,"time":"2026-10-04T18:47:16Z","message":"Retrying connection in up to 32s"}
{"level":"error","error":"Unauthorized: Tunnel not found","connIndex":0,"time":"2026-10-04T18:47:17Z","message":"Connection terminated"}
{"level":"info","event":0,"ip":"198.41.200.33","connIndex":0,"time":"2026-10-04T18:52:21Z","message":"Tunnel connection curve preferences: [X25519MLKEM768 CurveID(65074) CurveP256]"}
{"level":"error","event":0,"ip":"198.41.200.33","connIndex":0,"error":"TLS handshake with edge error: read tcp 198.18.0.1:37384->198.41.200.33:7844: i/o timeout","time":"2026-10-04T18:52:36Z","message":"Unable to establish connection with Cloudflare edge"}
{"level":"error","event":0,"ip":"198.41.200.33","connIndex":0,"error":"TLS handshake with edge error: read tcp 198.18.0.1:37384->198.41.200.33:7844: i/o timeout","time":"2026-10-04T18:52:36Z","message":"Serve tunnel error"}
{"level":"info","event":0,"ip":"198.41.200.33","connIndex":0,"time":"2026-10-04T18:52:36Z","message":"Retrying connection in up to 32s"}
{"level":"error","error":"TLS handshake with edge error: read tcp 198.18.0.1:37384->198.41.200.33:7844: i/o timeout","connIndex":0,"time":"2026-10-04T18:52:47Z","message":"Connection terminated"}
{"level":"info","event":0,"ip":"198.41.200.43","connIndex":0,"time":"2026-10-04T18:55:48Z","message":"Tunnel connection curve preferences: [X25519MLKEM768 CurveID(65074) CurveP256]"}
{"level":"error","error":"Unauthorized: Tunnel not found","time":"2026-10-04T18:55:59Z","message":"failed to serve incoming request"}
{"level":"error","event":0,"ip":"198.41.200.43","connIndex":0,"error":"Unauthorized: Tunnel not found","time":"2026-10-04T18:56:00Z","message":"Register tunnel error from server side"}
{"level":"info","event":0,"ip":"198.41.200.43","connIndex":0,"time":"2026-10-04T18:56:00Z","message":"Retrying connection in up to 32s"}
{"level":"error","error":"Unauthorized: Tunnel not found","connIndex":0,"time":"2026-10-04T18:56:21Z","message":"Connection terminated"}
{"level":"info","event":0,"ip":"198.41.200.43","connIndex":0,"time":"2026-10-04T18:59:09Z","message":"Tunnel connection curve preferences: [X25519MLKEM768 CurveID(65074) CurveP256]"}
{"level":"error","error":"Unauthorized: Tunnel not found","time":"2026-10-04T18:59:11Z","message":"failed to serve incoming request"}
{"level":"error","event":0,"ip":"198.41.200.43","connIndex":0,"error":"Unauthorized: Tunnel not found","time":"2026-10-04T18:59:11Z","message":"Register tunnel error from server side"}
{"level":"info","event":0,"ip":"198.41.200.43","connIndex":0,"time":"2026-10-04T18:59:11Z","message":"Retrying connection in up to 32s"}
{"level":"error","error":"Unauthorized: Tunnel not found","connIndex":0,"time":"2026-10-04T18:59:39Z","message":"Connection terminated"}
{"level":"info","event":0,"ip":"198.41.200.43","connIndex":0,"time":"2026-10-04T19:04:50Z","message":"Tunnel connection curve preferences: [X25519MLKEM768 CurveID(65074) CurveP256]"}
{"level":"error","error":"Unauthorized: Tunnel not found","time":"2026-10-04T19:04:52Z","message":"failed to serve incoming request"}
{"level":"error","event":0,"ip":"198.41.200.43","connIndex":0,"error":"Unauthorized: Tunnel not found","time":"2026-10-04T19:04:52Z","message":"Register tunnel error from server side"}
{"level":"info","event":0,"ip":"198.41.200.43","connIndex":0,"time":"2026-10-04T19:04:52Z","message":"Retrying connection in up to 32s"}
{"level":"error","error":"Unauthorized: Tunnel not found","connIndex":0,"time":"2026-10-04T19:04:55Z","message":"Connection terminated"}
{"level":"info","event":0,"ip":"198.41.200.43","connIndex":0,"time":"2026-10-04T19:06:44Z","message":"Tunnel connection curve preferences: [X25519MLKEM768 CurveID(65074) CurveP256]"}
{"level":"error","error":"Unauthorized: Tunnel not found","time":"2026-10-04T19:06:47Z","message":"failed to serve incoming request"}
{"level":"error","event":0,"ip":"198.41.200.43","connIndex":0,"error":"Unauthorized: Tunnel not found","time":"2026-10-04T19:06:47Z","message":"Register tunnel error from server side"}
{"level":"info","event":0,"ip":"198.41.200.43","connIndex":0,"time":"2026-10-04T19:06:47Z","message":"Retrying connection in up to 32s"}
{"level":"error","error":"Unauthorized: Tunnel not found","connIndex":0,"time":"2026-10-04T19:06:52Z","message":"Connection terminated"}
{"level":"info","event":0,"ip":"198.41.200.43","connIndex":0,"time":"2026-10-04T19:07:41Z","message":"Tunnel connection curve preferences: [X25519MLKEM768 CurveID(65074) CurveP256]"}
{"level":"error","error":"Unauthorized: Tunnel not found","time":"2026-10-04T19:07:43Z","message":"failed to serve incoming request"}
{"level":"error","event":0,"ip":"198.41.200.43","connIndex":0,"error":"Unauthorized: Tunnel not found","time":"2026-10-04T19:07:43Z","message":"Register tunnel error from server side"}
{"level":"info","event":0,"ip":"198.41.200.43","connIndex":0,"time":"2026-10-04T19:07:43Z","message":"Retrying connection in up to 32s"}
{"level":"error","error":"Unauthorized: Tunnel not found","connIndex":0,"time":"2026-10-04T19:07:51Z","message":"Connection terminated"}
{"level":"info","event":0,"ip":"198.41.200.43","connIndex":0,"time":"2026-10-04T19:10:28Z","message":"Tunnel connection curve preferences: [X25519MLKEM768 CurveID(65074) CurveP256]"}
{"level":"error","error":"Unauthorized: Tunnel not found","time":"2026-10-04T19:10:30Z","message":"failed to serve incoming request"}
{"level":"error","event":0,"ip":"198.41.200.43","connIndex":0,"error":"Unauthorized: Tunnel not found","time":"2026-10-04T19:10:30Z","message":"Register tunnel error from server side"}
{"level":"info","event":0,"ip":"198.41.200.43","connIndex":0,"time":"2026-10-04T19:10:30Z","message":"Retrying connection in up to 32s"}
{"level":"error","error":"Unauthorized: Tunnel not found","connIndex":0,"time":"2026-10-04T19:10:31Z","message":"Connection terminated"}
{"level":"info","event":0,"ip":"198.41.200.43","connIndex":0,"time":"2026-10-04T19:10:45Z","message":"Tunnel connection curve preferences: [X25519MLKEM768 CurveID(65074) CurveP256]"}
{"level":"error","error":"Unauthorized: Tunnel not found","time":"2026-10-04T19:10:47Z","message":"failed to serve incoming request"}
{"level":"error","event":0,"ip":"198.41.200.43","connIndex":0,"error":"Unauthorized: Tunnel not found","time":"2026-10-04T19:10:48Z","message":"Register tunnel error from server side"}
{"level":"info","event":0,"ip":"198.41.200.43","connIndex":0,"time":"2026-10-04T19:10:48Z","message":"Retrying connection in up to 32s"}
{"level":"error","error":"Unauthorized: Tunnel not found","connIndex":0,"time":"2026-10-04T19:11:18Z","message":"Connection terminated"}
{"level":"info","event":0,"ip":"198.41.200.43","connIndex":0,"time":"2026-10-04T19:15:46Z","message":"Tunnel connection curve preferences: [X25519MLKEM768 CurveID(65074) CurveP256]"}
{"level":"error","error":"Unauthorized: Tunnel not found","time":"2026-10-04T19:15:49Z","message":"failed to serve incoming request"}
{"level":"error","event":0,"ip":"198.41.200.43","connIndex":0,"error":"Unauthorized: Tunnel not found","time":"2026-10-04T19:15:49Z","message":"Register tunnel error from server side"}
{"level":"info","event":0,"ip":"198.41.200.43","connIndex":0,"time":"2026-10-04T19:15:49Z","message":"Retrying connection in up to 32s"}
{"level":"error","error":"Unauthorized: Tunnel not found","connIndex":0,"time":"2026-10-04T19:16:00Z","message":"Connection terminated"}
{"level":"info","event":0,"ip":"198.41.200.43","connIndex":0,"time":"2026-10-04T19:19:07Z","message":"Tunnel connection curve preferences: [X25519MLKEM768 CurveID(65074) CurveP256]"}
{"level":"error","error":"Unauthorized: Tunnel not found","time":"2026-10-04T19:19:12Z","message":"failed to serve incoming request"}
{"level":"error","event":0,"ip":"198.41.200.43","connIndex":0,"error":"Unauthorized: Tunnel not found","time":"2026-10-04T19:19:12Z","message":"Register tunnel error from server side"}
{"level":"info","event":0,"ip":"198.41.200.43","connIndex":0,"time":"2026-10-04T19:19:12Z","message":"Retrying connection in up to 32s"}
{"level":"error","error":"Unauthorized: Tunnel not found","connIndex":0,"time":"2026-10-04T19:19:25Z","message":"Connection terminated"}
{"level":"info","event":0,"ip":"198.41.200.43","connIndex":0,"time":"2026-10-04T19:23:09Z","message":"Tunnel connection curve preferences: [X25519MLKEM768 CurveID(65074) CurveP256]"}
{"level":"error","error":"Unauthorized: Tunnel not found","time":"2026-10-04T19:23:11Z","message":"failed to serve incoming request"}
{"level":"error","event":0,"ip":"198.41.200.43","connIndex":0,"error":"Unauthorized: Tunnel not found","time":"2026-10-04T19:23:11Z","message":"Register tunnel error from server side"}
{"level":"info","event":0,"ip":"198.41.200.43","connIndex":0,"time":"2026-10-04T19:23:11Z","message":"Retrying connection in up to 32s"}
{"level":"error","error":"Unauthorized: Tunnel not found","connIndex":0,"time":"2026-10-04T19:23:30Z","message":"Connection terminated"}
{"level":"info","event":0,"ip":"198.41.200.43","connIndex":0,"time":"2026-10-04T19:26:16Z","message":"Tunnel connection curve preferences: [X25519MLKEM768 CurveID(65074) CurveP256]"}
{"level":"error","error":"Unauthorized: Tunnel not found","time":"2026-10-04T19:26:18Z","message":"failed to serve incoming request"}
{"level":"error","event":0,"ip":"198.41.200.43","connIndex":0,"error":"Unauthorized: Tunnel not found","time":"2026-10-04T19:26:18Z","message":"Register tunnel error from server side"}
{"level":"info","event":0,"ip":"198.41.200.43","connIndex":0,"time":"2026-10-04T19:26:18Z","message":"Retrying connection in up to 32s"}
{"level":"error","error":"Unauthorized: Tunnel not found","connIndex":0,"time":"2026-10-04T19:26:21Z","message":"Connection terminated"}
{"level":"info","event":0,"ip":"198.41.200.43","connIndex":0,"time":"2026-10-04T19:27:01Z","message":"Tunnel connection curve preferences: [X25519MLKEM768 CurveID(65074) CurveP256]"}
{"level":"error","error":"Unauthorized: Tunnel not found","time":"2026-10-04T19:27:03Z","message":"failed to serve incoming request"}
{"level":"error","event":0,"ip":"198.41.200.43","connIndex":0,"error":"Unauthorized: Tunnel not found","time":"2026-10-04T19:27:03Z","message":"Register tunnel error from server side"}
{"level":"info","event":0,"ip":"198.41.200.43","connIndex":0,"time":"2026-10-04T19:27:03Z","message":"Retrying connection in up to 32s"}
{"level":"error","error":"Unauthorized: Tunnel not found","connIndex":0,"time":"2026-10-04T19:27:15Z","message":"Connection terminated"}
{"level":"info","event":0,"ip":"198.41.200.43","connIndex":0,"time":"2026-10-04T19:30:01Z","message":"Tunnel connection curve preferences: [X25519MLKEM768 CurveID(65074) CurveP256]"}
{"level":"error","error":"Unauthorized: Tunnel not found","time":"2026-10-04T19:30:03Z","message":"failed to serve incoming request"}
{"level":"error","event":0,"ip":"198.41.200.43","connIndex":0,"error":"Unauthorized: Tunnel not found","time":"2026-10-04T19:30:03Z","message":"Register tunnel error from server side"}
{"level":"info","event":0,"ip":"198.41.200.43","connIndex":0,"time":"2026-10-04T19:30:03Z","message":"Retrying connection in up to 32s"}
{"level":"error","error":"Unauthorized: Tunnel not found","connIndex":0,"time":"2026-10-04T19:30:27Z","message":"Connection terminated"}
{"level":"info","event":0,"ip":"198.41.200.43","connIndex":0,"time":"2026-10-04T19:35:37Z","message":"Tunnel connection curve preferences: [X25519MLKEM768 CurveID(65074) CurveP256]"}
{"level":"error","error":"Unauthorized: Tunnel not found","time":"2026-10-04T19:35:39Z","message":"failed to serve incoming request"}
{"level":"error","event":0,"ip":"198.41.200.43","connIndex":0,"error":"Unauthorized: Tunnel not found","time":"2026-10-04T19:35:39Z","message":"Register tunnel error from server side"}
{"level":"info","event":0,"ip":"198.41.200.43","connIndex":0,"time":"2026-10-04T19:35:39Z","message":"Retrying connection in up to 32s"}
{"level":"error","error":"Unauthorized: Tunnel not found","connIndex":0,"time":"2026-10-04T19:35:53Z","message":"Connection terminated"}
{"level":"info","event":0,"ip":"198.41.200.43","connIndex":0,"time":"2026-10-04T19:37:14Z","message":"Tunnel connection curve preferences: [X25519MLKEM768 CurveID(65074) CurveP256]"}
{"level":"error","error":"Unauthorized: Tunnel not found","time":"2026-10-04T19:37:17Z","message":"failed to serve incoming request"}
{"level":"error","event":0,"ip":"198.41.200.43","connIndex":0,"error":"Unauthorized: Tunnel not found","time":"2026-10-04T19:37:17Z","message":"Register tunnel error from server side"}
{"level":"info","event":0,"ip":"198.41.200.43","connIndex":0,"time":"2026-10-04T19:37:17Z","message":"Retrying connection in up to 32s"}
{"level":"error","error":"Unauthorized: Tunnel not found","connIndex":0,"time":"2026-10-04T19:37:31Z","message":"Connection terminated"}
{"level":"info","event":0,"ip":"198.41.200.43","connIndex":0,"time":"2026-10-04T19:39:39Z","message":"Tunnel connection curve preferences: [X25519MLKEM768 CurveID(65074) CurveP256]"}
{"level":"error","error":"Unauthorized: Tunnel not found","time":"2026-10-04T19:39:42Z","message":"failed to serve incoming request"}
{"level":"error","event":0,"ip":"198.41.200.43","connIndex":0,"error":"Unauthorized: Tunnel not found","time":"2026-10-04T19:39:43Z","message":"Register tunnel error from server side"}
{"level":"info","event":0,"ip":"198.41.200.43","connIndex":0,"time":"2026-10-04T19:39:43Z","message":"Retrying connection in up to 32s"}
{"level":"error","error":"Unauthorized: Tunnel not found","connIndex":0,"time":"2026-10-04T19:40:13Z","message":"Connection terminated"}
{"level":"info","event":0,"ip":"198.41.200.43","connIndex":0,"time":"2026-10-04T19:43:56Z","message":"Tunnel connection curve preferences: [X25519MLKEM768 CurveID(65074) CurveP256]"}
{"level":"error","error":"Unauthorized: Tunnel not found","time":"2026-10-04T19:43:58Z","message":"failed to serve incoming request"}
{"level":"error","event":0,"ip":"198.41.200.43","connIndex":0,"error":"Unauthorized: Tunnel not found","time":"2026-10-04T19:43:58Z","message":"Register tunnel error from server side"}
{"level":"info","event":0,"ip":"198.41.200.43","connIndex":0,"time":"2026-10-04T19:43:58Z","message":"Retrying connection in up to 32s"}
{"level":"error","error":"Unauthorized: Tunnel not found","connIndex":0,"time":"2026-10-04T19:44:17Z","message":"Connection terminated"}
{"level":"info","event":0,"ip":"198.41.200.43","connIndex":0,"time":"2026-10-04T19:48:22Z","message":"Tunnel connection curve preferences: [X25519MLKEM768 CurveID(65074) CurveP256]"}
{"level":"error","error":"Unauthorized: Tunnel not found","time":"2026-10-04T19:48:24Z","message":"failed to serve incoming request"}
{"level":"error","event":0,"ip":"198.41.200.43","connIndex":0,"error":"Unauthorized: Tunnel not found","time":"2026-10-04T19:48:24Z","message":"Register tunnel error from server side"}
{"level":"info","event":0,"ip":"198.41.200.43","connIndex":0,"time":"2026-10-04T19:48:24Z","message":"Retrying connection in up to 32s"}
{"level":"error","error":"Unauthorized: Tunnel not found","connIndex":0,"time":"2026-10-04T19:48:28Z","message":"Connection terminated"}
{"level":"info","event":0,"ip":"198.41.200.43","connIndex":0,"time":"2026-10-04T19:51:30Z","message":"Tunnel connection curve preferences: [X25519MLKEM768 CurveID(65074) CurveP256]"}
{"level":"error","error":"Unauthorized: Tunnel not found","time":"2026-10-04T19:51:31Z","message":"failed to serve incoming request"}
{"level":"error","event":0,"ip":"198.41.200.43","connIndex":0,"error":"Unauthorized: Tunnel not found","time":"2026-10-04T19:51:32Z","message":"Register tunnel error from server side"}
{"level":"info","event":0,"ip":"198.41.200.43","connIndex":0,"time":"2026-10-04T19:51:32Z","message":"Retrying connection in up to 32s"}
{"level":"error","error":"Unauthorized: Tunnel not found","connIndex":0,"time":"2026-10-04T19:52:01Z","message":"Connection terminated"}
{"level":"info","event":0,"ip":"198.41.200.43","connIndex":0,"time":"2026-10-04T19:56:54Z","message":"Tunnel connection curve preferences: [X25519MLKEM768 CurveID(65074) CurveP256]"}
{"level":"error","error":"Unauthorized: Tunnel not found","time":"2026-10-04T19:56:56Z","message":"failed to serve incoming request"}
{"level":"error","event":0,"ip":"198.41.200.43","connIndex":0,"error":"Unauthorized: Tunnel not found","time":"2026-10-04T19:56:56Z","message":"Register tunnel error from server side"}
{"level":"info","event":0,"ip":"198.41.200.43","connIndex":0,"time":"2026-10-04T19:56:56Z","message":"Retrying connection in up to 32s"}
{"level":"error","error":"Unauthorized: Tunnel not found","connIndex":0,"time":"2026-10-04T19:57:23Z","message":"Connection terminated"}
{"level":"info","event":0,"ip":"198.41.200.43","connIndex":0,"time":"2026-10-04T20:01:54Z","message":"Tunnel connection curve preferences: [X25519MLKEM768 CurveID(65074) CurveP256]"}
{"level":"error","error":"Unauthorized: Tunnel not found","time":"2026-10-04T20:01:55Z","message":"failed to serve incoming request"}
{"level":"error","event":0,"ip":"198.41.200.43","connIndex":0,"error":"Unauthorized: Tunnel not found","time":"2026-10-04T20:01:56Z","message":"Register tunnel error from server side"}
{"level":"info","event":0,"ip":"198.41.200.43","connIndex":0,"time":"2026-10-04T20:01:56Z","message":"Retrying connection in up to 32s"}
{"level":"error","error":"Unauthorized: Tunnel not found","connIndex":0,"time":"2026-10-04T20:02:19Z","message":"Connection terminated"}
{"level":"info","event":0,"ip":"198.41.200.43","connIndex":0,"time":"2026-10-04T20:05:29Z","message":"Tunnel connection curve preferences: [X25519MLKEM768 CurveID(65074) CurveP256]"}
{"level":"error","error":"Unauthorized: Tunnel not found","time":"2026-10-04T20:05:32Z","message":"failed to serve incoming request"}
{"level":"error","event":0,"ip":"198.41.200.43","connIndex":0,"error":"Unauthorized: Tunnel not found","time":"2026-10-04T20:05:32Z","message":"Register tunnel error from server side"}
{"level":"info","event":0,"ip":"198.41.200.43","connIndex":0,"time":"2026-10-04T20:05:32Z","message":"Retrying connection in up to 32s"}
{"level":"error","error":"Unauthorized: Tunnel not found","connIndex":0,"time":"2026-10-04T20:05:41Z","message":"Connection terminated"}
{"level":"info","event":0,"ip":"198.41.200.43","connIndex":0,"time":"2026-10-04T20:08:02Z","message":"Tunnel connection curve preferences: [X25519MLKEM768 CurveID(65074) CurveP256]"}
{"level":"error","error":"Unauthorized: Tunnel not found","time":"2026-10-04T20:08:05Z","message":"failed to serve incoming request"}
{"level":"error","event":0,"ip":"198.41.200.43","connIndex":0,"error":"Unauthorized: Tunnel not found","time":"2026-10-04T20:08:06Z","message":"Register tunnel error from server side"}
{"level":"info","event":0,"ip":"198.41.200.43","connIndex":0,"time":"2026-10-04T20:08:06Z","message":"Retrying connection in up to 32s"}
{"level":"error","error":"Unauthorized: Tunnel not found","connIndex":0,"time":"2026-10-04T20:08:19Z","message":"Connection terminated"}
{"level":"info","event":0,"ip":"198.41.200.43","connIndex":0,"time":"2026-10-04T20:11:19Z","message":"Tunnel connection curve preferences: [X25519MLKEM768 CurveID(65074) CurveP256]"}
{"level":"error","error":"Unauthorized: Tunnel not found","time":"2026-10-04T20:11:22Z","message":"failed to serve incoming request"}
{"level":"error","event":0,"ip":"198.41.200.43","connIndex":0,"error":"Unauthorized: Tunnel not found","time":"2026-10-04T20:11:22Z","message":"Register tunnel error from server side"}
{"level":"info","event":0,"ip":"198.41.200.43","connIndex":0,"time":"2026-10-04T20:11:22Z","message":"Retrying connection in up to 32s"}
{"level":"error","error":"Unauthorized: Tunnel not found","connIndex":0,"time":"2026-10-04T20:11:43Z","message":"Connection terminated"}
{"level":"info","event":0,"ip":"198.41.200.43","connIndex":0,"time":"2026-10-04T20:13:35Z","message":"Tunnel connection curve preferences: [X25519MLKEM768 CurveID(65074) CurveP256]"}
{"level":"error","error":"Unauthorized: Tunnel not found","time":"2026-10-04T20:13:37Z","message":"failed to serve incoming request"}
{"level":"error","event":0,"ip":"198.41.200.43","connIndex":0,"error":"Unauthorized: Tunnel not found","time":"2026-10-04T20:13:37Z","message":"Register tunnel error from server side"}
{"level":"info","event":0,"ip":"198.41.200.43","connIndex":0,"time":"2026-10-04T20:13:37Z","message":"Retrying connection in up to 32s"}
{"level":"error","error":"Unauthorized: Tunnel not found","connIndex":0,"time":"2026-10-04T20:13:54Z","message":"Connection terminated"}
{"level":"info","event":0,"ip":"198.41.200.43","connIndex":0,"time":"2026-10-04T20:14:32Z","message":"Tunnel connection curve preferences: [X25519MLKEM768 CurveID(65074) CurveP256]"}
{"level":"error","error":"Unauthorized: Tunnel not found","time":"2026-10-04T20:14:33Z","message":"failed to serve incoming request"}
{"level":"error","event":0,"ip":"198.41.200.43","connIndex":0,"error":"Unauthorized: Tunnel not found","time":"2026-10-04T20:14:34Z","message":"Register tunnel error from server side"}
{"level":"info","event":0,"ip":"198.41.200.43","connIndex":0,"time":"2026-10-04T20:14:34Z","message":"Retrying connection in up to 32s"}
{"level":"error","error":"Unauthorized: Tunnel not found","connIndex":0,"time":"2026-10-04T20:14:37Z","message":"Connection terminated"}
{"level":"info","event":0,"ip":"198.41.200.43","connIndex":0,"time":"2026-10-04T20:19:46Z","message":"Tunnel connection curve preferences: [X25519MLKEM768 CurveID(65074) CurveP256]"}
{"level":"error","error":"Unauthorized: Tunnel not found","time":"2026-10-04T20:19:48Z","message":"failed to serve incoming request"}
{"level":"error","event":0,"ip":"198.41.200.43","connIndex":0,"error":"Unauthorized: Tunnel not found","time":"2026-10-04T20:19:48Z","message":"Register tunnel error from server side"}
{"level":"info","event":0,"ip":"198.41.200.43","connIndex":0,"time":"2026-10-04T20:19:48Z","message":"Retrying connection in up to 32s"}
{"level":"error","error":"Unauthorized: Tunnel not found","connIndex":0,"time":"2026-10-04T20:20:04Z","message":"Connection terminated"}
{"level":"info","event":0,"ip":"198.41.200.43","connIndex":0,"time":"2026-10-04T20:21:37Z","message":"Tunnel connection curve preferences: [X25519MLKEM768 CurveID(65074) CurveP256]"}
{"level":"error","error":"Unauthorized: Tunnel not found","time":"2026-10-04T20:21:40Z","message":"failed to serve incoming request"}
{"level":"error","event":0,"ip":"198.41.200.43","connIndex":0,"error":"Unauthorized: Tunnel not found","time":"2026-10-04T20:21:41Z","message":"Register tunnel error from server side"}
{"level":"info","event":0,"ip":"198.41.200.43","connIndex":0,"time":"2026-10-04T20:21:41Z","message":"Retrying connection in up to 32s"}
{"level":"error","error":"Unauthorized: Tunnel not found","connIndex":0,"time":"2026-10-04T20:22:10Z","message":"Connection terminated"}
{"level":"info","event":0,"ip":"198.41.200.43","connIndex":0,"time":"2026-10-04T20:25:29Z","message":"Tunnel connection curve preferences: [X25519MLKEM768 CurveID(65074) CurveP256]"}
{"level":"error","error":"Unauthorized: Tunnel not found","time":"2026-10-04T20:25:31Z","message":"failed to serve incoming request"}
{"level":"error","event":0,"ip":"198.41.200.43","connIndex":0,"error":"Unauthorized: Tunnel not found","time":"2026-10-04T20:25:32Z","message":"Register tunnel error from server side"}
{"level":"info","event":0,"ip":"198.41.200.43","connIndex":0,"time":"2026-10-04T20:25:32Z","message":"Retrying connection in up to 32s"}
{"level":"error","error":"Unauthorized: Tunnel not found","connIndex":0,"time":"2026-10-04T20:25:54Z","message":"Connection terminated"}
{"level":"info","event":0,"ip":"198.41.200.43","connIndex":0,"time":"2026-10-04T20:27:50Z","message":"Tunnel connection curve preferences: [X25519MLKEM768 CurveID(65074) CurveP256]"}
{"level":"error","error":"Unauthorized: Tunnel not found","time":"2026-10-04T20:27:53Z","message":"failed to serve incoming request"}
{"level":"error","event":0,"ip":"198.41.200.43","connIndex":0,"error":"Unauthorized: Tunnel not found","time":"2026-10-04T20:27:53Z","message":"Register tunnel error from server side"}
{"level":"info","event":0,"ip":"198.41.200.43","connIndex":0,"time":"2026-10-04T20:27:53Z","message":"Retrying connection in up to 32s"}
{"level":"error","error":"Unauthorized: Tunnel not found","connIndex":0,"time":"2026-10-04T20:28:06Z","message":"Connection terminated"}
{"level":"info","event":0,"ip":"198.41.200.43","connIndex":0,"time":"2026-10-04T20:29:24Z","message":"Tunnel connection curve preferences: [X25519MLKEM768 CurveID(65074) CurveP256]"}
{"level":"error","error":"Unauthorized: Tunnel not found","time":"2026-10-04T20:29:26Z","message":"failed to serve incoming request"}
{"level":"error","event":0,"ip":"198.41.200.43","connIndex":0,"error":"Unauthorized: Tunnel not found","time":"2026-10-04T20:29:26Z","message":"Register tunnel error from server side"}
{"level":"info","event":0,"ip":"198.41.200.43","connIndex":0,"time":"2026-10-04T20:29:26Z","message":"Retrying connection in up to 32s"}
{"level":"error","error":"Unauthorized: Tunnel not found","connIndex":0,"time":"2026-10-04T20:29:44Z","message":"Connection terminated"}
{"level":"info","event":0,"ip":"198.41.200.43","connIndex":0,"time":"2026-10-04T20:30:14Z","message":"Tunnel connection curve preferences: [X25519MLKEM768 CurveID(65074) CurveP256]"}
{"level":"error","error":"Unauthorized: Tunnel not found","time":"2026-10-04T20:30:15Z","message":"failed to serve incoming request"}
{"level":"error","event":0,"ip":"198.41.200.43","connIndex":0,"error":"Unauthorized: Tunnel not found","time":"2026-10-04T20:30:16Z","message":"Register tunnel error from server side"}
{"level":"info","event":0,"ip":"198.41.200.43","connIndex":0,"time":"2026-10-04T20:30:16Z","message":"Retrying connection in up to 32s"}
{"level":"error","error":"Unauthorized: Tunnel not found","connIndex":0,"time":"2026-10-04T20:30:48Z","message":"Connection terminated"}
{"level":"info","event":0,"ip":"198.41.200.43","connIndex":0,"time":"2026-10-04T20:32:20Z","message":"Tunnel connection curve preferences: [X25519MLKEM768 CurveID(65074) CurveP256]"}
{"level":"error","error":"Unauthorized: Tunnel not found","time":"2026-10-04T20:32:22Z","message":"failed to serve incoming request"}
{"level":"error","event":0,"ip":"198.41.200.43","connIndex":0,"error":"Unauthorized: Tunnel not found","time":"2026-10-04T20:32:23Z","message":"Register tunnel error from server side"}
{"level":"info","event":0,"ip":"198.41.200.43","connIndex":0,"time":"2026-10-04T20:32:23Z","message":"Retrying connection in up to 32s"}
{"level":"error","error":"Unauthorized: Tunnel not found","connIndex":0,"time":"2026-10-04T20:32:54Z","message":"Connection terminated"}
{"level":"info","event":0,"ip":"198.41.200.43","connIndex":0,"time":"2026-10-04T20:37:08Z","message":"Tunnel connection curve preferences: [X25519MLKEM768 CurveID(65074) CurveP256]"}
{"level":"error","error":"Unauthorized: Tunnel not found","time":"2026-10-04T20:37:09Z","message":"failed to serve incoming request"}
{"level":"error","event":0,"ip":"198.41.200.43","connIndex":0,"error":"Unauthorized: Tunnel not found","time":"2026-10-04T20:37:10Z","message":"Register tunnel error from server side"}
{"level":"info","event":0,"ip":"198.41.200.43","connIndex":0,"time":"2026-10-04T20:37:10Z","message":"Retrying connection in up to 32s"}
{"level":"error","error":"Unauthorized: Tunnel not found","connIndex":0,"time":"2026-10-04T20:37:15Z","message":"Connection terminated"}
{"level":"info","event":0,"ip":"198.41.200.43","connIndex":0,"time":"2026-10-04T20:38:09Z","message":"Tunnel connection curve preferences: [X25519MLKEM768 CurveID(65074) CurveP256]"}
{"level":"error","error":"Unauthorized: Tunnel not found","time":"2026-10-04T20:38:12Z","message":"failed to serve incoming request"}
{"level":"error","event":0,"ip":"198.41.200.43","connIndex":0,"error":"Unauthorized: Tunnel not found","time":"2026-10-04T20:38:12Z","message":"Register tunnel error from server side"}
{"level":"info","event":0,"ip":"198.41.200.43","connIndex":0,"time":"2026-10-04T20:38:12Z","message":"Retrying connection in up to 32s"}
{"level":"error","error":"Unauthorized: Tunnel not found","connIndex":0,"time":"2026-10-04T20:38:33Z","message":"Connection terminated"}
{"level":"info","event":0,"ip":"198.41.200.43","connIndex":0,"time":"2026-10-04T20:40:16Z","message":"Tunnel connection curve preferences: [X25519MLKEM768 CurveID(65074) CurveP256]"}
{"level":"error","error":"Unauthorized: Tunnel not found","time":"2026-10-04T20:40:18Z","message":"failed to serve incoming request"}
{"level":"error","event":0,"ip":"198.41.200.43","connIndex":0,"error":"Unauthorized: Tunnel not found","time":"2026-10-04T20:40:18Z","message":"Register tunnel error from server side"}
{"level":"info","event":0,"ip":"198.41.200.43","connIndex":0,"time":"2026-10-04T20:40:18Z","message":"Retrying connection in up to 32s"}
{"level":"error","error":"Unauthorized: Tunnel not found","connIndex":0,"time":"2026-10-04T20:40:44Z","message":"Connection terminated"}
{"level":"info","event":0,"ip":"198.41.200.43","connIndex":0,"time":"2026-10-04T20:42:19Z","message":"Tunnel connection curve preferences: [X25519MLKEM768 CurveID(65074) CurveP256]"}
{"level":"error","error":"Unauthorized: Tunnel not found","time":"2026-10-04T20:42:21Z","message":"failed to serve incoming request"}
{"level":"error","event":0,"ip":"198.41.200.43","connIndex":0,"error":"Unauthorized: Tunnel not found","time":"2026-10-04T20:42:21Z","message":"Register tunnel error from server side"}
{"level":"info","event":0,"ip":"198.41.200.43","connIndex":0,"time":"2026-10-04T20:42:21Z","message":"Retrying connection in up to 32s"}
{"level":"error","error":"Unauthorized: Tunnel not found","connIndex":0,"time":"2026-10-04T20:42:47Z","message":"Connection terminated"}
{"level":"info","event":0,"ip":"198.41.200.43","connIndex":0,"time":"2026-10-04T20:42:51Z","message":"Tunnel connection curve preferences: [X25519MLKEM768 CurveID(65074) CurveP256]"}
{"level":"error","error":"Unauthorized: Tunnel not found","time":"2026-10-04T20:42:54Z","message":"failed to serve incoming request"}
{"level":"error","event":0,"ip":"198.41.200.43","connIndex":0,"error":"Unauthorized: Tunnel not found","time":"2026-10-04T20:42:54Z","message":"Register tunnel error from server side"}
{"level":"info","event":0,"ip":"198.41.200.43","connIndex":0,"time":"2026-10-04T20:42:54Z","message":"Retrying connection in up to 32s"}
{"level":"error","error":"Unauthorized: Tunnel not found","connIndex":0,"time":"2026-10-04T20:43:13Z","message":"Connection terminated"}
{"level":"info","event":0,"ip":"198.41.200.43","connIndex":0,"time":"2026-10-04T20:44:38Z","message":"Tunnel connection curve preferences: [X25519MLKEM768 CurveID(65074) CurveP256]"}
{"level":"error","error":"Unauthorized: Tunnel not found","time":"2026-10-04T20:44:40Z","message":"failed to serve incoming request"}
{"level":"error","event":0,"ip":"198.41.200.43","connIndex":0,"error":"Unauthorized: Tunnel not found","time":"2026-10-04T20:44:41Z","message":"Register tunnel error from server side"}
{"level":"info","event":0,"ip":"198.41.200.43","connIndex":0,"time":"2026-10-04T20:44:41Z","message":"Retrying connection in up to 32s"}
{"level":"error","error":"Unauthorized: Tunnel not found","connIndex":0,"time":"2026-10-04T20:45:07Z","message":"Connection terminated"}
{"level":"info","event":0,"ip":"198.41.200.43","connIndex":0,"time":"2026-10-04T20:45:29Z","message":"Tunnel connection curve preferences: [X25519MLKEM768 CurveID(65074) CurveP256]"}
{"level":"error","error":"Unauthorized: Tunnel not found","time":"2026-10-04T20:45:32Z","message":"failed to serve incoming request"}
{"level":"error","event":0,"ip":"198.41.200.43","connIndex":0,"error":"Unauthorized: Tunnel not found","time":"2026-10-04T20:45:32Z","message":"Register tunnel error from server side"}
{"level":"info","event":0,"ip":"198.41.200.43","connIndex":0,"time":"2026-10-04T20:45:32Z","message":"Retrying connection in up to 32s"}
{"level":"error","error":"Unauthorized: Tunnel not found","connIndex":0,"time":"2026-10-04T20:45:35Z","message":"Connection terminated"}
{"level":"info","event":0,"ip":"198.41.200.43","connIndex":0,"time":"2026-10-04T20:49:40Z","message":"Tunnel connection curve preferences: [X25519MLKEM768 CurveID(65074) CurveP256]"}
{"level":"error","error":"Unauthorized: Tunnel not found","time":"2026-10-04T20:49:42Z","message":"failed to serve incoming request"}
{"level":"error","event":0,"ip":"198.41.200.43","connIndex":0,"error":"Unauthorized: Tunnel not found","time":"2026-10-04T20:49:42Z","message":"Register tunnel error from server side"}
{"level":"info","event":0,"ip":"198.41.200.43","connIndex":0,"time":"2026-10-04T20:49:42Z","message":"Retrying connection in up to 32s"}
{"level":"error","error":"Unauthorized: Tunnel not found","connIndex":0,"time":"2026-10-04T20:49:45Z","message":"Connection terminated"}
{"level":"info","event":0,"ip":"198.41.200.43","connIndex":0,"time":"2026-10-04T20:52:46Z","message":"Tunnel connection curve preferences: [X25519MLKEM768 CurveID(65074) CurveP256]"}
{"level":"error","error":"Unauthorized: Tunnel not found","time":"2026-10-04T20:52:48Z","message":"failed to serve incoming request"}
{"level":"error","event":0,"ip":"198.41.200.43","connIndex":0,"error":"Unauthorized: Tunnel not found","time":"2026-10-04T20:52:48Z","message":"Register tunnel error from server side"}
{"level":"info","event":0,"ip":"198.41.200.43","connIndex":0,"time":"2026-10-04T20:52:48Z","message":"Retrying connection in up to 32s"}
{"level":"error","error":"Unauthorized: Tunnel not found","connIndex":0,"time":"2026-10-04T20:52:56Z","message":"Connection terminated"}
{"level":"info","event":0,"ip":"198.41.200.43","connIndex":0,"time":"2026-10-04T20:54:10Z","message":"Tunnel connection curve preferences: [X25519MLKEM768 CurveID(65074) CurveP256]"}
{"level":"error","error":"Unauthorized: Tunnel not found","time":"2026-10-04T20:54:12Z","message":"failed to serve incoming request"}
{"level":"error","event":0,"ip":"198.41.200.43","connIndex":0,"error":"Unauthorized: Tunnel not found","time":"2026-10-04T20:54:13Z","message":"Register tunnel error from server side"}
{"level":"info","event":0,"ip":"198.41.200.43","connIndex":0,"time":"2026-10-04T20:54:13Z","message":"Retrying connection in up to 32s"}
{"level":"error","error":"Unauthorized: Tunnel not found","connIndex":0,"time":"2026-10-04T20:54:18Z","message":"Connection terminated"}
{"level":"info","event":0,"ip":"198.41.200.43","connIndex":0,"time":"2026-10-04T20:58:32Z","message":"Tunnel connection curve preferences: [X25519MLKEM768 CurveID(65074) CurveP256]"}
{"level":"error","event":0,"ip":"198.41.200.43","connIndex":0,"error":"TLS handshake with edge error: read tcp 198.18.0.1:50328->198.41.200.43:7844: i/o timeout","time":"2026-10-04T20:58:47Z","message":"Unable to establish connection with Cloudflare edge"}
{"level":"error","event":0,"ip":"198.41.200.43","connIndex":0,"error":"TLS handshake with edge error: read tcp 198.18.0.1:50328->198.41.200.43:7844: i/o timeout","time":"2026-10-04T20:58:47Z","message":"Serve tunnel error"}
{"level":"info","event":0,"ip":"198.41.200.43","connIndex":0,"time":"2026-10-04T20:58:47Z","message":"Retrying connection in up to 32s"}
{"level":"error","error":"TLS handshake with edge error: read tcp 198.18.0.1:50328->198.41.200.43:7844: i/o timeout","connIndex":0,"time":"2026-10-04T20:59:15Z","message":"Connection terminated"}
{"level":"info","event":0,"ip":"198.41.192.107","connIndex":0,"time":"2026-10-04T21:03:52Z","message":"Tunnel connection curve preferences: [X25519MLKEM768 CurveID(65074) CurveP256]"}
{"level":"error","event":0,"ip":"198.41.192.107","connIndex":0,"error":"TLS handshake with edge error: read tcp 198.18.0.1:40692->198.41.192.107:7844: i/o timeout","time":"2026-10-04T21:04:07Z","message":"Unable to establish connection with Cloudflare edge"}
{"level":"error","event":0,"ip":"198.41.192.107","connIndex":0,"error":"TLS handshake with edge error: read tcp 198.18.0.1:40692->198.41.192.107:7844: i/o timeout","time":"2026-10-04T21:04:07Z","message":"Serve tunnel error"}
{"level":"info","event":0,"ip":"198.41.192.107","connIndex":0,"time":"2026-10-04T21:04:07Z","message":"Retrying connection in up to 32s"}
{"level":"error","error":"TLS handshake with edge error: read tcp 198.18.0.1:40692->198.41.192.107:7844: i/o timeout","connIndex":0,"time":"2026-10-04T21:04:25Z","message":"Connection terminated"}
{"level":"info","event":0,"ip":"198.41.192.227","connIndex":0,"time":"2026-10-04T21:07:34Z","message":"Tunnel connection curve preferences: [X25519MLKEM768 CurveID(65074) CurveP256]"}
{"level":"error","event":0,"ip":"198.41.192.227","connIndex":0,"error":"TLS handshake with edge error: read tcp 198.18.0.1:56908->198.41.192.227:7844: i/o timeout","time":"2026-10-04T21:07:49Z","message":"Unable to establish connection with Cloudflare edge"}
{"level":"error","event":0,"ip":"198.41.192.227","connIndex":0,"error":"TLS handshake with edge error: read tcp 198.18.0.1:56908->198.41.192.227:7844: i/o timeout","time":"2026-10-04T21:07:49Z","message":"Serve tunnel error"}
{"level":"info","event":0,"ip":"198.41.192.227","connIndex":0,"time":"2026-10-04T21:07:49Z","message":"Retrying connection in up to 32s"}
{"level":"error","error":"TLS handshake with edge error: read tcp 198.18.0.1:56908->198.41.192.227:7844: i/o timeout","connIndex":0,"time":"2026-10-04T21:08:09Z","message":"Connection terminated"}
{"level":"info","event":0,"ip":"198.41.192.167","connIndex":0,"time":"2026-10-04T21:11:12Z","message":"Tunnel connection curve preferences: [X25519MLKEM768 CurveID(65074) CurveP256]"}
{"level":"error","event":0,"ip":"198.41.192.167","connIndex":0,"error":"TLS handshake with edge error: read tcp 198.18.0.1:42380->198.41.192.167:7844: i/o timeout","time":"2026-10-04T21:11:27Z","message":"Unable to establish connection with Cloudflare edge"}
{"level":"error","event":0,"ip":"198.41.192.167","connIndex":0,"error":"TLS handshake with edge error: read tcp 198.18.0.1:42380->198.41.192.167:7844: i/o timeout","time":"2026-10-04T21:11:27Z","message":"Serve tunnel error"}
{"level":"info","event":0,"ip":"198.41.192.167","connIndex":0,"time":"2026-10-04T21:11:27Z","message":"Retrying connection in up to 32s"}
{"level":"error","error":"TLS handshake with edge error: read tcp 198.18.0.1:42380->198.41.192.167:7844: i/o timeout","connIndex":0,"time":"2026-10-04T21:11:51Z","message":"Connection terminated"}
{"level":"info","event":0,"ip":"198.41.192.107","connIndex":0,"time":"2026-10-04T21:16:37Z","message":"Tunnel connection curve preferences: [X25519MLKEM768 CurveID(65074) CurveP256]"}
{"level":"error","event":0,"ip":"198.41.192.107","connIndex":0,"error":"TLS handshake with edge error: read tcp 198.18.0.1:54754->198.41.192.107:7844: i/o timeout","time":"2026-10-04T21:16:52Z","message":"Unable to establish connection with Cloudflare edge"}
{"level":"error","event":0,"ip":"198.41.192.107","connIndex":0,"error":"TLS handshake with edge error: read tcp 198.18.0.1:54754->198.41.192.107:7844: i/o timeout","time":"2026-10-04T21:16:52Z","message":"Serve tunnel error"}
{"level":"info","event":0,"ip":"198.41.192.107","connIndex":0,"time":"2026-10-04T21:16:52Z","message":"Retrying connection in up to 32s"}
{"level":"error","error":"TLS handshake with edge error: read tcp 198.18.0.1:54754->198.41.192.107:7844: i/o timeout","connIndex":0,"time":"2026-10-04T21:17:18Z","message":"Connection terminated"}
{"level":"info","event":0,"ip":"198.41.192.67","connIndex":0,"time":"2026-10-04T21:21:48Z","message":"Tunnel connection curve preferences: [X25519MLKEM768 CurveID(65074) CurveP256]"}
{"level":"error","event":0,"ip":"198.41.192.67","connIndex":0,"error":"TLS handshake with edge error: read tcp 198.18.0.1:36224->198.41.192.67:7844: i/o timeout","time":"2026-10-04T21:22:03Z","message":"Unable to establish connection with Cloudflare edge"}
{"level":"error","event":0,"ip":"198.41.192.67","connIndex":0,"error":"TLS handshake with edge error: read tcp 198.18.0.1:36224->198.41.192.67:7844: i/o timeout","time":"2026-10-04T21:22:03Z","message":"Serve tunnel error"}
{"level":"info","event":0,"ip":"198.41.192.67","connIndex":0,"time":"2026-10-04T21:22:03Z","message":"Retrying connection in up to 32s"}
{"level":"error","error":"TLS handshake with edge error: read tcp 198.18.0.1:36224->198.41.192.67:7844: i/o timeout","connIndex":0,"time":"2026-10-04T21:22:19Z","message":"Connection terminated"}
{"level":"info","event":0,"ip":"198.41.200.43","connIndex":0,"time":"2026-10-04T21:23:43Z","message":"Tunnel connection curve preferences: [X25519MLKEM768 CurveID(65074) CurveP256]"}
{"level":"error","event":0,"ip":"198.41.200.43","connIndex":0,"error":"TLS handshake with edge error: read tcp 198.18.0.1:60650->198.41.200.43:7844: i/o timeout","time":"2026-10-04T21:23:58Z","message":"Unable to establish connection with Cloudflare edge"}
{"level":"error","event":0,"ip":"198.41.200.43","connIndex":0,"error":"TLS handshake with edge error: read tcp 198.18.0.1:60650->198.41.200.43:7844: i/o timeout","time":"2026-10-04T21:23:58Z","message":"Serve tunnel error"}
{"level":"info","event":0,"ip":"198.41.200.43","connIndex":0,"time":"2026-10-04T21:23:58Z","message":"Retrying connection in up to 32s"}
{"level":"error","error":"TLS handshake with edge error: read tcp 198.18.0.1:60650->198.41.200.43:7844: i/o timeout","connIndex":0,"time":"2026-10-04T21:24:25Z","message":"Connection terminated"}
{"level":"info","event":0,"ip":"198.41.192.47","connIndex":0,"time":"2026-10-04T21:26:11Z","message":"Tunnel connection curve preferences: [X25519MLKEM768 CurveID(65074) CurveP256]"}
{"level":"error","event":0,"ip":"198.41.192.47","connIndex":0,"error":"TLS handshake with edge error: read tcp 198.18.0.1:47924->198.41.192.47:7844: i/o timeout","time":"2026-10-04T21:26:26Z","message":"Unable to establish connection with Cloudflare edge"}
{"level":"error","event":0,"ip":"198.41.192.47","connIndex":0,"error":"TLS handshake with edge error: read tcp 198.18.0.1:47924->198.41.192.47:7844: i/o timeout","time":"2026-10-04T21:26:26Z","message":"Serve tunnel error"}
{"level":"info","event":0,"ip":"198.41.192.47","connIndex":0,"time":"2026-10-04T21:26:26Z","message":"Retrying connection in up to 32s"}
{"level":"error","error":"TLS handshake with edge error: read tcp 198.18.0.1:47924->198.41.192.47:7844: i/o timeout","connIndex":0,"time":"2026-10-04T21:26:42Z","message":"Connection terminated"}
{"level":"info","event":0,"ip":"198.41.192.57","connIndex":0,"time":"2026-10-04T21:29:05Z","message":"Tunnel connection curve preferences: [X25519MLKEM768 CurveID(65074) CurveP256]"}
{"level":"error","event":0,"ip":"198.41.192.57","connIndex":0,"error":"TLS handshake with edge error: read tcp 198.18.0.1:56150->198.41.192.57:7844: i/o timeout","time":"2026-10-04T21:29:20Z","message":"Unable to establish connection with Cloudflare edge"}
{"level":"error","event":0,"ip":"198.41.192.57","connIndex":0,"error":"TLS handshake with edge error: read tcp 198.18.0.1:56150->198.41.192.57:7844: i/o timeout","time":"2026-10-04T21:29:20Z","message":"Serve tunnel error"}
{"level":"info","event":0,"ip":"198.41.192.57","connIndex":0,"time":"2026-10-04T21:29:20Z","message":"Retrying connection in up to 32s"}
{"level":"error","error":"TLS handshake with edge error: read tcp 198.18.0.1:56150->198.41.192.57:7844: i/o timeout","connIndex":0,"time":"2026-10-04T21:29:36Z","message":"Connection terminated"}
{"level":"info","event":0,"ip":"198.41.192.227","connIndex":0,"time":"2026-10-04T21:32:23Z","message":"Tunnel connection curve preferences: [X25519MLKEM768 CurveID(65074) CurveP256]"}
{"level":"error","event":0,"ip":"198.41.192.227","connIndex":0,"error":"TLS handshake with edge error: read tcp 198.18.0.1:57316->198.41.192.227:7844: i/o timeout","time":"2026-10-04T21:32:38Z","message":"Unable to establish connection with Cloudflare edge"}
{"level":"error","event":0,"ip":"198.41.192.227","connIndex":0,"error":"TLS handshake with edge error: read tcp 198.18.0.1:57316->198.41.192.227:7844: i/o timeout","time":"2026-10-04T21:32:38Z","message":"Serve tunnel error"}
{"level":"info","event":0,"ip":"198.41.192.227","connIndex":0,"time":"2026-10-04T21:32:38Z","message":"Retrying connection in up to 32s"}
{"level":"error","error":"TLS handshake with edge error: read tcp 198.18.0.1:57316->198.41.192.227:7844: i/o timeout","connIndex":0,"time":"2026-10-04T21:32:54Z","message":"Connection terminated"}
{"level":"info","event":0,"ip":"198.41.192.107","connIndex":0,"time":"2026-10-04T21:36:24Z","message":"Tunnel connection curve preferences: [X25519MLKEM768 CurveID(65074) CurveP256]"}
{"level":"error","event":0,"ip":"198.41.192.107","connIndex":0,"error":"TLS handshake with edge error: read tcp 198.18.0.1:56448->198.41.192.107:7844: i/o timeout","time":"2026-10-04T21:36:39Z","message":"Unable to establish connection with Cloudflare edge"}
{"level":"error","event":0,"ip":"198.41.192.107","connIndex":0,"error":"TLS handshake with edge error: read tcp 198.18.0.1:56448->198.41.192.107:7844: i/o timeout","time":"2026-10-04T21:36:39Z","message":"Serve tunnel error"}
{"level":"info","event":0,"ip":"198.41.192.107","connIndex":0,"time":"2026-10-04T21:36:39Z","message":"Retrying connection in up to 32s"}
{"level":"error","error":"TLS handshake with edge error: read tcp 198.18.0.1:56448->198.41.192.107:7844: i/o timeout","connIndex":0,"time":"2026-10-04T21:37:02Z","message":"Connection terminated"}
{"level":"info","event":0,"ip":"198.41.192.227","connIndex":0,"time":"2026-10-04T21:40:20Z","message":"Tunnel connection curve preferences: [X25519MLKEM768 CurveID(65074) CurveP256]"}
{"level":"error","event":0,"ip":"198.41.192.227","connIndex":0,"error":"TLS handshake with edge error: read tcp 198.18.0.1:48140->198.41.192.227:7844: i/o timeout","time":"2026-10-04T21:40:35Z","message":"Unable to establish connection with Cloudflare edge"}
{"level":"error","event":0,"ip":"198.41.192.227","connIndex":0,"error":"TLS handshake with edge error: read tcp 198.18.0.1:48140->198.41.192.227:7844: i/o timeout","time":"2026-10-04T21:40:35Z","message":"Serve tunnel error"}
{"level":"info","event":0,"ip":"198.41.192.227","connIndex":0,"time":"2026-10-04T21:40:35Z","message":"Retrying connection in up to 32s"}
{"level":"error","error":"TLS handshake with edge error: read tcp 198.18.0.1:48140->198.41.192.227:7844: i/o timeout","connIndex":0,"time":"2026-10-04T21:40:38Z","message":"Connection terminated"}
{"level":"info","event":0,"ip":"198.41.200.33","connIndex":0,"time":"2026-10-04T21:44:13Z","message":"Tunnel connection curve preferences: [X25519MLKEM768 CurveID(65074) CurveP256]"}
{"level":"error","event":0,"ip":"198.41.200.33","connIndex":0,"error":"TLS handshake with edge error: read tcp 198.18.0.1:33878->198.41.200.33:7844: i/o timeout","time":"2026-10-04T21:44:28Z","message":"Unable to establish connection with Cloudflare edge"}
{"level":"error","event":0,"ip":"198.41.200.33","connIndex":0,"error":"TLS handshake with edge error: read tcp 198.18.0.1:33878->198.41.200.33:7844: i/o timeout","time":"2026-10-04T21:44:28Z","message":"Serve tunnel error"}
{"level":"info","event":0,"ip":"198.41.200.33","connIndex":0,"time":"2026-10-04T21:44:28Z","message":"Retrying connection in up to 32s"}
{"level":"error","error":"TLS handshake with edge error: read tcp 198.18.0.1:33878->198.41.200.33:7844: i/o timeout","connIndex":0,"time":"2026-10-04T21:44:56Z","message":"Connection terminated"}
{"level":"info","event":0,"ip":"198.41.192.27","connIndex":0,"time":"2026-10-04T21:49:11Z","message":"Tunnel connection curve preferences: [X25519MLKEM768 CurveID(65074) CurveP256]"}
{"level":"error","event":0,"ip":"198.41.192.27","connIndex":0,"error":"TLS handshake with edge error: read tcp 198.18.0.1:43456->198.41.192.27:7844: i/o timeout","time":"2026-10-04T21:49:26Z","message":"Unable to establish connection with Cloudflare edge"}
{"level":"error","event":0,"ip":"198.41.192.27","connIndex":0,"error":"TLS handshake with edge error: read tcp 198.18.0.1:43456->198.41.192.27:7844: i/o timeout","time":"2026-10-04T21:49:26Z","message":"Serve tunnel error"}
{"level":"info","event":0,"ip":"198.41.192.27","connIndex":0,"time":"2026-10-04T21:49:26Z","message":"Retrying connection in up to 32s"}
{"level":"error","error":"TLS handshake with edge error: read tcp 198.18.0.1:43456->198.41.192.27:7844: i/o timeout","connIndex":0,"time":"2026-10-04T21:49:50Z","message":"Connection terminated"}
{"level":"error","error":"lookup region1.v2.argotunnel.com: i/o timeout","time":"2026-10-04T21:54:06Z","message":"Failed to refresh DNS local resolver"}
{"level":"info","event":0,"ip":"198.41.192.57","connIndex":0,"time":"2026-10-04T21:54:49Z","message":"Tunnel connection curve preferences: [X25519MLKEM768 CurveID(65074) CurveP256]"}
{"level":"error","event":0,"ip":"198.41.192.57","connIndex":0,"error":"TLS handshake with edge error: read tcp 198.18.0.1:57100->198.41.192.57:7844: i/o timeout","time":"2026-10-04T21:55:04Z","message":"Unable to establish connection with Cloudflare edge"}
{"level":"error","event":0,"ip":"198.41.192.57","connIndex":0,"error":"TLS handshake with edge error: read tcp 198.18.0.1:57100->198.41.192.57:7844: i/o timeout","time":"2026-10-04T21:55:04Z","message":"Serve tunnel error"}
{"level":"info","event":0,"ip":"198.41.192.57","connIndex":0,"time":"2026-10-04T21:55:04Z","message":"Retrying connection in up to 32s"}
{"level":"error","error":"TLS handshake with edge error: read tcp 198.18.0.1:57100->198.41.192.57:7844: i/o timeout","connIndex":0,"time":"2026-10-04T21:55:32Z","message":"Connection terminated"}
{"level":"info","event":0,"ip":"198.41.200.43","connIndex":0,"time":"2026-10-04T21:55:44Z","message":"Tunnel connection curve preferences: [X25519MLKEM768 CurveID(65074) CurveP256]"}
{"level":"error","event":0,"ip":"198.41.200.43","connIndex":0,"error":"TLS handshake with edge error: read tcp 198.18.0.1:53620->198.41.200.43:7844: i/o timeout","time":"2026-10-04T21:55:59Z","message":"Unable to establish connection with Cloudflare edge"}
{"level":"error","event":0,"ip":"198.41.200.43","connIndex":0,"error":"TLS handshake with edge error: read tcp 198.18.0.1:53620->198.41.200.43:7844: i/o timeout","time":"2026-10-04T21:55:59Z","message":"Serve tunnel error"}
{"level":"info","event":0,"ip":"198.41.200.43","connIndex":0,"time":"2026-10-04T21:55:59Z","message":"Retrying connection in up to 32s"}
{"level":"error","error":"TLS handshake with edge error: read tcp 198.18.0.1:53620->198.41.200.43:7844: i/o timeout","connIndex":0,"time":"2026-10-04T21:56:06Z","message":"Connection terminated"}
{"level":"info","event":0,"ip":"198.41.192.227","connIndex":0,"time":"2026-10-04T21:57:54Z","message":"Tunnel connection curve preferences: [X25519MLKEM768 CurveID(65074) CurveP256]"}
{"level":"error","event":0,"ip":"198.41.192.227","connIndex":0,"error":"TLS handshake with edge error: read tcp 198.18.0.1:36632->198.41.192.227:7844: i/o timeout","time":"2026-10-04T21:58:09Z","message":"Unable to establish connection with Cloudflare edge"}
{"level":"error","event":0,"ip":"198.41.192.227","connIndex":0,"error":"TLS handshake with edge error: read tcp 198.18.0.1:36632->198.41.192.227:7844: i/o timeout","time":"2026-10-04T21:58:09Z","message":"Serve tunnel error"}
{"level":"info","event":0,"ip":"198.41.192.227","connIndex":0,"time":"2026-10-04T21:58:09Z","message":"Retrying connection in up to 32s"}
{"level":"error","error":"TLS handshake with edge error: read tcp 198.18.0.1:36632->198.41.192.227:7844: i/o timeout","connIndex":0,"time":"2026-10-04T21:58:09Z","message":"Connection terminated"}
{"level":"info","event":0,"ip":"198.41.200.53","connIndex":0,"time":"2026-10-04T22:01:00Z","message":"Tunnel connection curve preferences: [X25519MLKEM768 CurveID(65074) CurveP256]"}
{"level":"error","event":0,"ip":"198.41.200.53","connIndex":0,"error":"TLS handshake with edge error: read tcp 198.18.0.1:46678->198.41.200.53:7844: i/o timeout","time":"2026-10-04T22:01:15Z","message":"Unable to establish connection with Cloudflare edge"}
{"level":"error","event":0,"ip":"198.41.200.53","connIndex":0,"error":"TLS handshake with edge error: read tcp 198.18.0.1:46678->198.41.200.53:7844: i/o timeout","time":"2026-10-04T22:01:15Z","message":"Serve tunnel error"}
{"level":"info","event":0,"ip":"198.41.200.53","connIndex":0,"time":"2026-10-04T22:01:15Z","message":"Retrying connection in up to 32s"}
{"level":"error","error":"TLS handshake with edge error: read tcp 198.18.0.1:46678->198.41.200.53:7844: i/o timeout","connIndex":0,"time":"2026-10-04T22:01:41Z","message":"Connection terminated"}
{"level":"info","event":0,"ip":"198.41.192.37","connIndex":0,"time":"2026-10-04T22:04:09Z","message":"Tunnel connection curve preferences: [X25519MLKEM768 CurveID(65074) CurveP256]"}
{"level":"error","event":0,"ip":"198.41.192.37","connIndex":0,"error":"TLS handshake with edge error: read tcp 198.18.0.1:57840->198.41.192.37:7844: i/o timeout","time":"2026-10-04T22:04:24Z","message":"Unable to establish connection with Cloudflare edge"}
{"level":"error","event":0,"ip":"198.41.192.37","connIndex":0,"error":"TLS handshake with edge error: read tcp 198.18.0.1:57840->198.41.192.37:7844: i/o timeout","time":"2026-10-04T22:04:24Z","message":"Serve tunnel error"}
{"level":"info","event":0,"ip":"198.41.192.37","connIndex":0,"time":"2026-10-04T22:04:24Z","message":"Retrying connection in up to 32s"}
{"level":"error","error":"TLS handshake with edge error: read tcp 198.18.0.1:57840->198.41.192.37:7844: i/o timeout","connIndex":0,"time":"2026-10-04T22:04:34Z","message":"Connection terminated"}
{"level":"info","event":0,"ip":"198.41.200.43","connIndex":0,"time":"2026-10-04T22:05:53Z","message":"Tunnel connection curve preferences: [X25519MLKEM768 CurveID(65074) CurveP256]"}
{"level":"error","event":0,"ip":"198.41.200.43","connIndex":0,"error":"TLS handshake with edge error: read tcp 198.18.0.1:52918->198.41.200.43:7844: i/o timeout","time":"2026-10-04T22:06:08Z","message":"Unable to establish connection with Cloudflare edge"}
{"level":"error","event":0,"ip":"198.41.200.43","connIndex":0,"error":"TLS handshake with edge error: read tcp 198.18.0.1:52918->198.41.200.43:7844: i/o timeout","time":"2026-10-04T22:06:08Z","message":"Serve tunnel error"}
{"level":"info","event":0,"ip":"198.41.200.43","connIndex":0,"time":"2026-10-04T22:06:08Z","message":"Retrying connection in up to 32s"}
{"level":"error","error":"TLS handshake with edge error: read tcp 198.18.0.1:52918->198.41.200.43:7844: i/o timeout","connIndex":0,"time":"2026-10-04T22:06:33Z","message":"Connection terminated"}
{"level":"info","event":0,"ip":"198.41.200.233","connIndex":0,"time":"2026-10-04T22:09:08Z","message":"Tunnel connection curve preferences: [X25519MLKEM768 CurveID(65074) CurveP256]"}
{"level":"error","error":"lookup region1.v2.argotunnel.com: i/o timeout","time":"2026-10-04T22:09:11Z","message":"Failed to refresh DNS local resolver"}
{"level":"error","event":0,"ip":"198.41.200.233","connIndex":0,"error":"TLS handshake with edge error: read tcp 198.18.0.1:46202->198.41.200.233:7844: i/o timeout","time":"2026-10-04T22:09:23Z","message":"Unable to establish connection with Cloudflare edge"}
{"level":"error","event":0,"ip":"198.41.200.233","connIndex":0,"error":"TLS handshake with edge error: read tcp 198.18.0.1:46202->198.41.200.233:7844: i/o timeout","time":"2026-10-04T22:09:23Z","message":"Serve tunnel error"}
{"level":"info","event":0,"ip":"198.41.200.233","connIndex":0,"time":"2026-10-04T22:09:23Z","message":"Retrying connection in up to 32s"}
{"level":"error","error":"TLS handshake with edge error: read tcp 198.18.0.1:46202->198.41.200.233:7844: i/o timeout","connIndex":0,"time":"2026-10-04T22:09:37Z","message":"Connection terminated"}
{"level":"info","event":0,"ip":"198.41.192.57","connIndex":0,"time":"2026-10-04T22:12:36Z","message":"Tunnel connection curve preferences: [X25519MLKEM768 CurveID(65074) CurveP256]"}
{"level":"error","event":0,"ip":"198.41.192.57","connIndex":0,"error":"TLS handshake with edge error: read tcp 198.18.0.1:33738->198.41.192.57:7844: i/o timeout","time":"2026-10-04T22:12:51Z","message":"Unable to establish connection with Cloudflare edge"}
{"level":"error","event":0,"ip":"198.41.192.57","connIndex":0,"error":"TLS handshake with edge error: read tcp 198.18.0.1:33738->198.41.192.57:7844: i/o timeout","time":"2026-10-04T22:12:51Z","message":"Serve tunnel error"}
{"level":"info","event":0,"ip":"198.41.192.57","connIndex":0,"time":"2026-10-04T22:12:51Z","message":"Retrying connection in up to 32s"}
{"level":"error","error":"TLS handshake with edge error: read tcp 198.18.0.1:33738->198.41.192.57:7844: i/o timeout","connIndex":0,"time":"2026-10-04T22:13:07Z","message":"Connection terminated"}
{"level":"info","event":0,"ip":"198.41.200.113","connIndex":0,"time":"2026-10-04T22:18:05Z","message":"Tunnel connection curve preferences: [X25519MLKEM768 CurveID(65074) CurveP256]"}
{"level":"error","event":0,"ip":"198.41.200.113","connIndex":0,"error":"TLS handshake with edge error: read tcp 198.18.0.1:47962->198.41.200.113:7844: i/o timeout","time":"2026-10-04T22:18:20Z","message":"Unable to establish connection with Cloudflare edge"}
{"level":"error","event":0,"ip":"198.41.200.113","connIndex":0,"error":"TLS handshake with edge error: read tcp 198.18.0.1:47962->198.41.200.113:7844: i/o timeout","time":"2026-10-04T22:18:20Z","message":"Serve tunnel error"}
{"level":"info","event":0,"ip":"198.41.200.113","connIndex":0,"time":"2026-10-04T22:18:20Z","message":"Retrying connection in up to 32s"}
{"level":"error","error":"TLS handshake with edge error: read tcp 198.18.0.1:47962->198.41.200.113:7844: i/o timeout","connIndex":0,"time":"2026-10-04T22:18:31Z","message":"Connection terminated"}
{"level":"info","event":0,"ip":"198.41.192.7","connIndex":0,"time":"2026-10-04T22:21:57Z","message":"Tunnel connection curve preferences: [X25519MLKEM768 CurveID(65074) CurveP256]"}
{"level":"error","event":0,"ip":"198.41.192.7","connIndex":0,"error":"TLS handshake with edge error: read tcp 198.18.0.1:56138->198.41.192.7:7844: i/o timeout","time":"2026-10-04T22:22:12Z","message":"Unable to establish connection with Cloudflare edge"}
{"level":"error","event":0,"ip":"198.41.192.7","connIndex":0,"error":"TLS handshake with edge error: read tcp 198.18.0.1:56138->198.41.192.7:7844: i/o timeout","time":"2026-10-04T22:22:12Z","message":"Serve tunnel error"}
{"level":"info","event":0,"ip":"198.41.192.7","connIndex":0,"time":"2026-10-04T22:22:12Z","message":"Retrying connection in up to 32s"}
{"level":"error","error":"TLS handshake with edge error: read tcp 198.18.0.1:56138->198.41.192.7:7844: i/o timeout","connIndex":0,"time":"2026-10-04T22:22:33Z","message":"Connection terminated"}
{"level":"error","error":"lookup region1.v2.argotunnel.com: i/o timeout","time":"2026-10-04T22:24:16Z","message":"Failed to refresh DNS local resolver"}
{"level":"info","event":0,"ip":"198.41.200.43","connIndex":0,"time":"2026-10-04T22:26:26Z","message":"Tunnel connection curve preferences: [X25519MLKEM768 CurveID(65074) CurveP256]"}
{"level":"error","event":0,"ip":"198.41.200.43","connIndex":0,"error":"TLS handshake with edge error: read tcp 198.18.0.1:54506->198.41.200.43:7844: i/o timeout","time":"2026-10-04T22:26:41Z","message":"Unable to establish connection with Cloudflare edge"}
{"level":"error","event":0,"ip":"198.41.200.43","connIndex":0,"error":"TLS handshake with edge error: read tcp 198.18.0.1:54506->198.41.200.43:7844: i/o timeout","time":"2026-10-04T22:26:41Z","message":"Serve tunnel error"}
{"level":"info","event":0,"ip":"198.41.200.43","connIndex":0,"time":"2026-10-04T22:26:41Z","message":"Retrying connection in up to 32s"}
{"level":"error","error":"TLS handshake with edge error: read tcp 198.18.0.1:54506->198.41.200.43:7844: i/o timeout","connIndex":0,"time":"2026-10-04T22:26:51Z","message":"Connection terminated"}
{"level":"info","event":0,"ip":"198.41.192.27","connIndex":0,"time":"2026-10-04T22:31:53Z","message":"Tunnel connection curve preferences: [X25519MLKEM768 CurveID(65074) CurveP256]"}
{"level":"error","event":0,"ip":"198.41.192.27","connIndex":0,"error":"TLS handshake with edge error: read tcp 198.18.0.1:43430->198.41.192.27:7844: i/o timeout","time":"2026-10-04T22:32:08Z","message":"Unable to establish connection with Cloudflare edge"}
{"level":"error","event":0,"ip":"198.41.192.27","connIndex":0,"error":"TLS handshake with edge error: read tcp 198.18.0.1:43430->198.41.192.27:7844: i/o timeout","time":"2026-10-04T22:32:08Z","message":"Serve tunnel error"}
{"level":"info","event":0,"ip":"198.41.192.27","connIndex":0,"time":"2026-10-04T22:32:08Z","message":"Retrying connection in up to 32s"}
{"level":"error","error":"TLS handshake with edge error: read tcp 198.18.0.1:43430->198.41.192.27:7844: i/o timeout","connIndex":0,"time":"2026-10-04T22:32:28Z","message":"Connection terminated"}
{"level":"info","event":0,"ip":"198.41.200.53","connIndex":0,"time":"2026-10-04T22:34:01Z","message":"Tunnel connection curve preferences: [X25519MLKEM768 CurveID(65074) CurveP256]"}
{"level":"error","event":0,"ip":"198.41.200.53","connIndex":0,"error":"TLS handshake with edge error: read tcp 198.18.0.1:42932->198.41.200.53:7844: i/o timeout","time":"2026-10-04T22:34:16Z","message":"Unable to establish connection with Cloudflare edge"}
{"level":"error","event":0,"ip":"198.41.200.53","connIndex":0,"error":"TLS handshake with edge error: read tcp 198.18.0.1:42932->198.41.200.53:7844: i/o timeout","time":"2026-10-04T22:34:16Z","message":"Serve tunnel error"}
{"level":"info","event":0,"ip":"198.41.200.53","connIndex":0,"time":"2026-10-04T22:34:16Z","message":"Retrying connection in up to 32s"}
{"level":"error","error":"TLS handshake with edge error: read tcp 198.18.0.1:42932->198.41.200.53:7844: i/o timeout","connIndex":0,"time":"2026-10-04T22:34:33Z","message":"Connection terminated"}
{"level":"info","event":0,"ip":"198.41.200.43","connIndex":0,"time":"2026-10-04T22:38:57Z","message":"Tunnel connection curve preferences: [X25519MLKEM768 CurveID(65074) CurveP256]"}
{"level":"error","event":0,"ip":"198.41.200.43","connIndex":0,"error":"TLS handshake with edge error: read tcp 198.18.0.1:34160->198.41.200.43:7844: i/o timeout","time":"2026-10-04T22:39:12Z","message":"Unable to establish connection with Cloudflare edge"}
{"level":"error","event":0,"ip":"198.41.200.43","connIndex":0,"error":"TLS handshake with edge error: read tcp 198.18.0.1:34160->198.41.200.43:7844: i/o timeout","time":"2026-10-04T22:39:12Z","message":"Serve tunnel error"}
{"level":"info","event":0,"ip":"198.41.200.43","connIndex":0,"time":"2026-10-04T22:39:12Z","message":"Retrying connection in up to 32s"}
{"level":"error","error":"TLS handshake with edge error: read tcp 198.18.0.1:34160->198.41.200.43:7844: i/o timeout","connIndex":0,"time":"2026-10-04T22:39:42Z","message":"Connection terminated"}
{"level":"info","event":0,"ip":"198.41.200.33","connIndex":0,"time":"2026-10-04T22:44:52Z","message":"Tunnel connection curve preferences: [X25519MLKEM768 CurveID(65074) CurveP256]"}
{"level":"error","event":0,"ip":"198.41.200.33","connIndex":0,"error":"TLS handshake with edge error: read tcp 198.18.0.1:41660->198.41.200.33:7844: i/o timeout","time":"2026-10-04T22:45:07Z","message":"Unable to establish connection with Cloudflare edge"}
{"level":"error","event":0,"ip":"198.41.200.33","connIndex":0,"error":"TLS handshake with edge error: read tcp 198.18.0.1:41660->198.41.200.33:7844: i/o timeout","time":"2026-10-04T22:45:07Z","message":"Serve tunnel error"}
{"level":"info","event":0,"ip":"198.41.200.33","connIndex":0,"time":"2026-10-04T22:45:07Z","message":"Retrying connection in up to 32s"}
{"level":"error","error":"TLS handshake with edge error: read tcp 198.18.0.1:41660->198.41.200.33:7844: i/o timeout","connIndex":0,"time":"2026-10-04T22:45:18Z","message":"Connection terminated"}
{"level":"info","event":0,"ip":"198.41.200.23","connIndex":0,"time":"2026-10-04T22:49:47Z","message":"Tunnel connection curve preferences: [X25519MLKEM768 CurveID(65074) CurveP256]"}
{"level":"error","event":0,"ip":"198.41.200.23","connIndex":0,"error":"TLS handshake with edge error: read tcp 198.18.0.1:36748->198.41.200.23:7844: i/o timeout","time":"2026-10-04T22:50:02Z","message":"Unable to establish connection with Cloudflare edge"}
{"level":"error","event":0,"ip":"198.41.200.23","connIndex":0,"error":"TLS handshake with edge error: read tcp 198.18.0.1:36748->198.41.200.23:7844: i/o timeout","time":"2026-10-04T22:50:02Z","message":"Serve tunnel error"}
{"level":"info","event":0,"ip":"198.41.200.23","connIndex":0,"time":"2026-10-04T22:50:02Z","message":"Retrying connection in up to 32s"}
{"level":"error","error":"TLS handshake with edge error: read tcp 198.18.0.1:36748->198.41.200.23:7844: i/o timeout","connIndex":0,"time":"2026-10-04T22:50:08Z","message":"Connection terminated"}
{"level":"info","event":0,"ip":"198.41.192.107","connIndex":0,"time":"2026-10-04T22:55:20Z","message":"Tunnel connection curve preferences: [X25519MLKEM768 CurveID(65074) CurveP256]"}
{"level":"error","event":0,"ip":"198.41.192.107","connIndex":0,"error":"TLS handshake with edge error: read tcp 198.18.0.1:52446->198.41.192.107:7844: i/o timeout","time":"2026-10-04T22:55:35Z","message":"Unable to establish connection with Cloudflare edge"}
{"level":"error","event":0,"ip":"198.41.192.107","connIndex":0,"error":"TLS handshake with edge error: read tcp 198.18.0.1:52446->198.41.192.107:7844: i/o timeout","time":"2026-10-04T22:55:35Z","message":"Serve tunnel error"}
{"level":"info","event":0,"ip":"198.41.192.107","connIndex":0,"time":"2026-10-04T22:55:35Z","message":"Retrying connection in up to 32s"}
{"level":"error","error":"TLS handshake with edge error: read tcp 198.18.0.1:52446->198.41.192.107:7844: i/o timeout","connIndex":0,"time":"2026-10-04T22:55:52Z","message":"Connection terminated"}
{"level":"info","event":0,"ip":"198.41.200.193","connIndex":0,"time":"2026-10-04T22:55:53Z","message":"Tunnel connection curve preferences: [X25519MLKEM768 CurveID(65074) CurveP256]"}
{"level":"error","event":0,"ip":"198.41.200.193","connIndex":0,"error":"TLS handshake with edge error: read tcp 198.18.0.1:48616->198.41.200.193:7844: i/o timeout","time":"2026-10-04T22:56:08Z","message":"Unable to establish connection with Cloudflare edge"}
{"level":"error","event":0,"ip":"198.41.200.193","connIndex":0,"error":"TLS handshake with edge error: read tcp 198.18.0.1:48616->198.41.200.193:7844: i/o timeout","time":"2026-10-04T22:56:08Z","message":"Serve tunnel error"}
{"level":"info","event":0,"ip":"198.41.200.193","connIndex":0,"time":"2026-10-04T22:56:08Z","message":"Retrying connection in up to 32s"}
{"level":"error","error":"TLS handshake with edge error: read tcp 198.18.0.1:48616->198.41.200.193:7844: i/o timeout","connIndex":0,"time":"2026-10-04T22:56:14Z","message":"Connection terminated"}
{"level":"info","event":0,"ip":"198.41.192.227","connIndex":0,"time":"2026-10-04T22:56:21Z","message":"Tunnel connection curve preferences: [X25519MLKEM768 CurveID(65074) CurveP256]"}
{"level":"error","event":0,"ip":"198.41.192.227","connIndex":0,"error":"TLS handshake with edge error: read tcp 198.18.0.1:56334->198.41.192.227:7844: i/o timeout","time":"2026-10-04T22:56:36Z","message":"Unable to establish connection with Cloudflare edge"}
{"level":"error","event":0,"ip":"198.41.192.227","connIndex":0,"error":"TLS handshake with edge error: read tcp 198.18.0.1:56334->198.41.192.227:7844: i/o timeout","time":"2026-10-04T22:56:36Z","message":"Serve tunnel error"}
{"level":"info","event":0,"ip":"198.41.192.227","connIndex":0,"time":"2026-10-04T22:56:36Z","message":"Retrying connection in up to 32s"}
{"level":"error","error":"TLS handshake with edge error: read tcp 198.18.0.1:56334->198.41.192.227:7844: i/o timeout","connIndex":0,"time":"2026-10-04T22:57:07Z","message":"Connection terminated"}
{"level":"info","event":0,"ip":"198.41.200.53","connIndex":0,"time":"2026-10-04T22:59:16Z","message":"Tunnel connection curve preferences: [X25519MLKEM768 CurveID(65074) CurveP256]"}
{"level":"error","event":0,"ip":"198.41.200.53","connIndex":0,"error":"TLS handshake with edge error: read tcp 198.18.0.1:36494->198.41.200.53:7844: i/o timeout","time":"2026-10-04T22:59:31Z","message":"Unable to establish connection with Cloudflare edge"}
{"level":"error","event":0,"ip":"198.41.200.53","connIndex":0,"error":"TLS handshake with edge error: read tcp 198.18.0.1:36494->198.41.200.53:7844: i/o timeout","time":"2026-10-04T22:59:31Z","message":"Serve tunnel error"}
{"level":"info","event":0,"ip":"198.41.200.53","connIndex":0,"time":"2026-10-04T22:59:31Z","message":"Retrying connection in up to 32s"}
{"level":"error","error":"TLS handshake with edge error: read tcp 198.18.0.1:36494->198.41.200.53:7844: i/o timeout","connIndex":0,"time":"2026-10-04T22:59:45Z","message":"Connection terminated"}
{"level":"info","event":0,"ip":"198.41.192.67","connIndex":0,"time":"2026-10-04T23:03:44Z","message":"Tunnel connection curve preferences: [X25519MLKEM768 CurveID(65074) CurveP256]"}
{"level":"error","event":0,"ip":"198.41.192.67","connIndex":0,"error":"TLS handshake with edge error: read tcp 198.18.0.1:45068->198.41.192.67:7844: i/o timeout","time":"2026-10-04T23:03:59Z","message":"Unable to establish connection with Cloudflare edge"}
{"level":"error","event":0,"ip":"198.41.192.67","connIndex":0,"error":"TLS handshake with edge error: read tcp 198.18.0.1:45068->198.41.192.67:7844: i/o timeout","time":"2026-10-04T23:03:59Z","message":"Serve tunnel error"}
{"level":"info","event":0,"ip":"198.41.192.67","connIndex":0,"time":"2026-10-04T23:03:59Z","message":"Retrying connection in up to 32s"}
{"level":"error","error":"TLS handshake with edge error: read tcp 198.18.0.1:45068->198.41.192.67:7844: i/o timeout","connIndex":0,"time":"2026-10-04T23:04:16Z","message":"Connection terminated"}
{"level":"info","event":0,"ip":"198.41.192.107","connIndex":0,"time":"2026-10-04T23:05:59Z","message":"Tunnel connection curve preferences: [X25519MLKEM768 CurveID(65074) CurveP256]"}
{"level":"error","event":0,"ip":"198.41.192.107","connIndex":0,"error":"TLS handshake with edge error: read tcp 198.18.0.1:56460->198.41.192.107:7844: i/o timeout","time":"2026-10-04T23:06:14Z","message":"Unable to establish connection with Cloudflare edge"}
{"level":"error","event":0,"ip":"198.41.192.107","connIndex":0,"error":"TLS handshake with edge error: read tcp 198.18.0.1:56460->198.41.192.107:7844: i/o timeout","time":"2026-10-04T23:06:14Z","message":"Serve tunnel error"}
{"level":"info","event":0,"ip":"198.41.192.107","connIndex":0,"time":"2026-10-04T23:06:14Z","message":"Retrying connection in up to 32s"}
{"level":"error","error":"TLS handshake with edge error: read tcp 198.18.0.1:56460->198.41.192.107:7844: i/o timeout","connIndex":0,"time":"2026-10-04T23:06:46Z","message":"Connection terminated"}
{"level":"info","event":0,"ip":"198.41.200.43","connIndex":0,"time":"2026-10-04T23:09:26Z","message":"Tunnel connection curve preferences: [X25519MLKEM768 CurveID(65074) CurveP256]"}
{"level":"error","event":0,"ip":"198.41.200.43","connIndex":0,"error":"TLS handshake with edge error: read tcp 198.18.0.1:46752->198.41.200.43:7844: i/o timeout","time":"2026-10-04T23:09:41Z","message":"Unable to establish connection with Cloudflare edge"}
{"level":"error","event":0,"ip":"198.41.200.43","connIndex":0,"error":"TLS handshake with edge error: read tcp 198.18.0.1:46752->198.41.200.43:7844: i/o timeout","time":"2026-10-04T23:09:41Z","message":"Serve tunnel error"}
{"level":"info","event":0,"ip":"198.41.200.43","connIndex":0,"time":"2026-10-04T23:09:41Z","message":"Retrying connection in up to 32s"}
{"level":"error","error":"TLS handshake with edge error: read tcp 198.18.0.1:46752->198.41.200.43:7844: i/o timeout","connIndex":0,"time":"2026-10-04T23:09:44Z","message":"Connection terminated"}
{"level":"info","event":0,"ip":"198.41.200.193","connIndex":0,"time":"2026-10-04T23:13:04Z","message":"Tunnel connection curve preferences: [X25519MLKEM768 CurveID(65074) CurveP256]"}
{"level":"error","event":0,"ip":"198.41.200.193","connIndex":0,"error":"TLS handshake with edge error: read tcp 198.18.0.1:53262->198.41.200.193:7844: i/o timeout","time":"2026-10-04T23:13:19Z","message":"Unable to establish connection with Cloudflare edge"}
{"level":"error","event":0,"ip":"198.41.200.193","connIndex":0,"error":"TLS handshake with edge error: read tcp 198.18.0.1:53262->198.41.200.193:7844: i/o timeout","time":"2026-10-04T23:13:19Z","message":"Serve tunnel error"}
{"level":"info","event":0,"ip":"198.41.200.193","connIndex":0,"time":"2026-10-04T23:13:19Z","message":"Retrying connection in up to 32s"}
{"level":"error","error":"TLS handshake with edge error: read tcp 198.18.0.1:53262->198.41.200.193:7844: i/o timeout","connIndex":0,"time":"2026-10-04T23:13:19Z","message":"Connection terminated"}
{"level":"info","event":0,"ip":"198.41.200.43","connIndex":0,"time":"2026-10-04T23:15:11Z","message":"Tunnel connection curve preferences: [X25519MLKEM768 CurveID(65074) CurveP256]"}
{"level":"error","event":0,"ip":"198.41.200.43","connIndex":0,"error":"TLS handshake with edge error: read tcp 198.18.0.1:50224->198.41.200.43:7844: i/o timeout","time":"2026-10-04T23:15:26Z","message":"Unable to establish connection with Cloudflare edge"}
{"level":"error","event":0,"ip":"198.41.200.43","connIndex":0,"error":"TLS handshake with edge error: read tcp 198.18.0.1:50224->198.41.200.43:7844: i/o timeout","time":"2026-10-04T23:15:26Z","message":"Serve tunnel error"}
{"level":"info","event":0,"ip":"198.41.200.43","connIndex":0,"time":"2026-10-04T23:15:26Z","message":"Retrying connection in up to 32s"}
{"level":"error","error":"TLS handshake with edge error: read tcp 198.18.0.1:50224->198.41.200.43:7844: i/o timeout","connIndex":0,"time":"2026-10-04T23:15:51Z","message":"Connection terminated"}
{"level":"info","event":0,"ip":"198.41.200.233","connIndex":0,"time":"2026-10-04T23:16:21Z","message":"Tunnel connection curve preferences: [X25519MLKEM768 CurveID(65074) CurveP256]"}
{"level":"error","event":0,"ip":"198.41.200.233","connIndex":0,"error":"TLS handshake with edge error: read tcp 198.18.0.1:54540->198.41.200.233:7844: i/o timeout","time":"2026-10-04T23:16:36Z","message":"Unable to establish connection with Cloudflare edge"}
{"level":"error","event":0,"ip":"198.41.200.233","connIndex":0,"error":"TLS handshake with edge error: read tcp 198.18.0.1:54540->198.41.200.233:7844: i/o timeout","time":"2026-10-04T23:16:36Z","message":"Serve tunnel error"}
{"level":"info","event":0,"ip":"198.41.200.233","connIndex":0,"time":"2026-10-04T23:16:36Z","message":"Retrying connection in up to 32s"}
{"level":"error","error":"TLS handshake with edge error: read tcp 198.18.0.1:54540->198.41.200.233:7844: i/o timeout","connIndex":0,"time":"2026-10-04T23:16:39Z","message":"Connection terminated"}
{"level":"info","event":0,"ip":"198.41.200.43","connIndex":0,"time":"2026-10-04T23:17:49Z","message":"Tunnel connection curve preferences: [X25519MLKEM768 CurveID(65074) CurveP256]"}
{"level":"error","event":0,"ip":"198.41.200.43","connIndex":0,"error":"TLS handshake with edge error: read tcp 198.18.0.1:39640->198.41.200.43:7844: i/o timeout","time":"2026-10-04T23:18:04Z","message":"Unable to establish connection with Cloudflare edge"}
{"level":"error","event":0,"ip":"198.41.200.43","connIndex":0,"error":"TLS handshake with edge error: read tcp 198.18.0.1:39640->198.41.200.43:7844: i/o timeout","time":"2026-10-04T23:18:04Z","message":"Serve tunnel error"}
{"level":"info","event":0,"ip":"198.41.200.43","connIndex":0,"time":"2026-10-04T23:18:04Z","message":"Retrying connection in up to 32s"}
{"level":"error","error":"TLS handshake with edge error: read tcp 198.18.0.1:39640->198.41.200.43:7844: i/o timeout","connIndex":0,"time":"2026-10-04T23:18:15Z","message":"Connection terminated"}
{"level":"info","event":0,"ip":"198.41.200.233","connIndex":0,"time":"2026-10-04T23:19:51Z","message":"Tunnel connection curve preferences: [X25519MLKEM768 CurveID(65074) CurveP256]"}
{"level":"error","event":0,"ip":"198.41.200.233","connIndex":0,"error":"TLS handshake with edge error: read tcp 198.18.0.1:54648->198.41.200.233:7844: i/o timeout","time":"2026-10-04T23:20:06Z","message":"Unable to establish connection with Cloudflare edge"}
{"level":"error","event":0,"ip":"198.41.200.233","connIndex":0,"error":"TLS handshake with edge error: read tcp 198.18.0.1:54648->198.41.200.233:7844: i/o timeout","time":"2026-10-04T23:20:06Z","message":"Serve tunnel error"}
{"level":"info","event":0,"ip":"198.41.200.233","connIndex":0,"time":"2026-10-04T23:20:06Z","message":"Retrying connection in up to 32s"}
{"level":"error","error":"TLS handshake with edge error: read tcp 198.18.0.1:54648->198.41.200.233:7844: i/o timeout","connIndex":0,"time":"2026-10-04T23:20:19Z","message":"Connection terminated"}
{"level":"info","event":0,"ip":"198.41.200.43","connIndex":0,"time":"2026-10-04T23:25:04Z","message":"Tunnel connection curve preferences: [X25519MLKEM768 CurveID(65074) CurveP256]"}
{"level":"error","event":0,"ip":"198.41.200.43","connIndex":0,"error":"TLS handshake with edge error: read tcp 198.18.0.1:60980->198.41.200.43:7844: i/o timeout","time":"2026-10-04T23:25:19Z","message":"Unable to establish connection with Cloudflare edge"}
{"level":"error","event":0,"ip":"198.41.200.43","connIndex":0,"error":"TLS handshake with edge error: read tcp 198.18.0.1:60980->198.41.200.43:7844: i/o timeout","time":"2026-10-04T23:25:19Z","message":"Serve tunnel error"}
{"level":"info","event":0,"ip":"198.41.200.43","connIndex":0,"time":"2026-10-04T23:25:19Z","message":"Retrying connection in up to 32s"}
{"level":"error","error":"TLS handshake with edge error: read tcp 198.18.0.1:60980->198.41.200.43:7844: i/o timeout","connIndex":0,"time":"2026-10-04T23:25:27Z","message":"Connection terminated"}
{"level":"info","event":0,"ip":"198.41.200.63","connIndex":0,"time":"2026-10-04T23:28:28Z","message":"Tunnel connection curve preferences: [X25519MLKEM768 CurveID(65074) CurveP256]"}
{"level":"error","event":0,"ip":"198.41.200.63","connIndex":0,"error":"TLS handshake with edge error: read tcp 198.18.0.1:33284->198.41.200.63:7844: i/o timeout","time":"2026-10-04T23:28:43Z","message":"Unable to establish connection with Cloudflare edge"}
{"level":"error","event":0,"ip":"198.41.200.63","connIndex":0,"error":"TLS handshake with edge error: read tcp 198.18.0.1:33284->198.41.200.63:7844: i/o timeout","time":"2026-10-04T23:28:43Z","message":"Serve tunnel error"}
{"level":"info","event":0,"ip":"198.41.200.63","connIndex":0,"time":"2026-10-04T23:28:43Z","message":"Retrying connection in up to 32s"}
{"level":"error","error":"TLS handshake with edge error: read tcp 198.18.0.1:33284->198.41.200.63:7844: i/o timeout","connIndex":0,"time":"2026-10-04T23:28:48Z","message":"Connection terminated"}
{"level":"info","event":0,"ip":"198.41.200.13","connIndex":0,"time":"2026-10-04T23:32:44Z","message":"Tunnel connection curve preferences: [X25519MLKEM768 CurveID(65074) CurveP256]"}
{"level":"error","event":0,"ip":"198.41.200.13","connIndex":0,"error":"TLS handshake with edge error: read tcp 198.18.0.1:38526->198.41.200.13:7844: i/o timeout","time":"2026-10-04T23:32:59Z","message":"Unable to establish connection with Cloudflare edge"}
{"level":"error","event":0,"ip":"198.41.200.13","connIndex":0,"error":"TLS handshake with edge error: read tcp 198.18.0.1:38526->198.41.200.13:7844: i/o timeout","time":"2026-10-04T23:32:59Z","message":"Serve tunnel error"}
{"level":"info","event":0,"ip":"198.41.200.13","connIndex":0,"time":"2026-10-04T23:32:59Z","message":"Retrying connection in up to 32s"}
{"level":"error","error":"TLS handshake with edge error: read tcp 198.18.0.1:38526->198.41.200.13:7844: i/o timeout","connIndex":0,"time":"2026-10-04T23:33:30Z","message":"Connection terminated"}
{"level":"info","event":0,"ip":"198.41.192.47","connIndex":0,"time":"2026-10-04T23:38:46Z","message":"Tunnel connection curve preferences: [X25519MLKEM768 CurveID(65074) CurveP256]"}
{"level":"error","event":0,"ip":"198.41.192.47","connIndex":0,"error":"TLS handshake with edge error: read tcp 198.18.0.1:36254->198.41.192.47:7844: i/o timeout","time":"2026-10-04T23:39:01Z","message":"Unable to establish connection with Cloudflare edge"}
{"level":"error","event":0,"ip":"198.41.192.47","connIndex":0,"error":"TLS handshake with edge error: read tcp 198.18.0.1:36254->198.41.192.47:7844: i/o timeout","time":"2026-10-04T23:39:01Z","message":"Serve tunnel error"}
{"level":"info","event":0,"ip":"198.41.192.47","connIndex":0,"time":"2026-10-04T23:39:01Z","message":"Retrying connection in up to 32s"}
{"level":"error","error":"TLS handshake with edge error: read tcp 198.18.0.1:36254->198.41.192.47:7844: i/o timeout","connIndex":0,"time":"2026-10-04T23:39:32Z","message":"Connection terminated"}
{"level":"info","event":0,"ip":"198.41.200.43","connIndex":0,"time":"2026-10-04T23:44:07Z","message":"Tunnel connection curve preferences: [X25519MLKEM768 CurveID(65074) CurveP256]"}
{"level":"error","event":0,"ip":"198.41.200.43","connIndex":0,"error":"TLS handshake with edge error: read tcp 198.18.0.1:49808->198.41.200.43:7844: i/o timeout","time":"2026-10-04T23:44:22Z","message":"Unable to establish connection with Cloudflare edge"}
{"level":"error","event":0,"ip":"198.41.200.43","connIndex":0,"error":"TLS handshake with edge error: read tcp 198.18.0.1:49808->198.41.200.43:7844: i/o timeout","time":"2026-10-04T23:44:22Z","message":"Serve tunnel error"}
{"level":"info","event":0,"ip":"198.41.200.43","connIndex":0,"time":"2026-10-04T23:44:22Z","message":"Retrying connection in up to 32s"}
{"level":"error","error":"TLS handshake with edge error: read tcp 198.18.0.1:49808->198.41.200.43:7844: i/o timeout","connIndex":0,"time":"2026-10-04T23:44:23Z","message":"Connection terminated"}
{"level":"info","event":0,"ip":"198.41.192.107","connIndex":0,"time":"2026-10-04T23:47:47Z","message":"Tunnel connection curve preferences: [X25519MLKEM768 CurveID(65074) CurveP256]"}
{"level":"error","event":0,"ip":"198.41.192.107","connIndex":0,"error":"TLS handshake with edge error: read tcp 198.18.0.1:34698->198.41.192.107:7844: i/o timeout","time":"2026-10-04T23:48:02Z","message":"Unable to establish connection with Cloudflare edge"}
{"level":"error","event":0,"ip":"198.41.192.107","connIndex":0,"error":"TLS handshake with edge error: read tcp 198.18.0.1:34698->198.41.192.107:7844: i/o timeout","time":"2026-10-04T23:48:02Z","message":"Serve tunnel error"}
{"level":"info","event":0,"ip":"198.41.192.107","connIndex":0,"time":"2026-10-04T23:48:02Z","message":"Retrying connection in up to 32s"}
{"level":"error","error":"TLS handshake with edge error: read tcp 198.18.0.1:34698->198.41.192.107:7844: i/o timeout","connIndex":0,"time":"2026-10-04T23:48:27Z","message":"Connection terminated"}
{"level":"info","event":0,"ip":"198.41.192.77","connIndex":0,"time":"2026-10-04T23:51:44Z","message":"Tunnel connection curve preferences: [X25519MLKEM768 CurveID(65074) CurveP256]"}
{"level":"error","event":0,"ip":"198.41.192.77","connIndex":0,"error":"TLS handshake with edge error: read tcp 198.18.0.1:45796->198.41.192.77:7844: i/o timeout","time":"2026-10-04T23:51:59Z","message":"Unable to establish connection with Cloudflare edge"}
{"level":"error","event":0,"ip":"198.41.192.77","connIndex":0,"error":"TLS handshake with edge error: read tcp 198.18.0.1:45796->198.41.192.77:7844: i/o timeout","time":"2026-10-04T23:51:59Z","message":"Serve tunnel error"}
{"level":"info","event":0,"ip":"198.41.192.77","connIndex":0,"time":"2026-10-04T23:51:59Z","message":"Retrying connection in up to 32s"}
{"level":"error","error":"TLS handshake with edge error: read tcp 198.18.0.1:45796->198.41.192.77:7844: i/o timeout","connIndex":0,"time":"2026-10-04T23:52:04Z","message":"Connection terminated"}
{"level":"info","event":0,"ip":"198.41.200.33","connIndex":0,"time":"2026-10-04T23:52:59Z","message":"Tunnel connection curve preferences: [X25519MLKEM768 CurveID(65074) CurveP256]"}
{"level":"error","event":0,"ip":"198.41.200.33","connIndex":0,"error":"TLS handshake with edge error: read tcp 198.18.0.1:33808->198.41.200.33:7844: i/o timeout","time":"2026-10-04T23:53:14Z","message":"Unable to establish connection with Cloudflare edge"}
{"level":"error","event":0,"ip":"198.41.200.33","connIndex":0,"error":"TLS handshake with edge error: read tcp 198.18.0.1:33808->198.41.200.33:7844: i/o timeout","time":"2026-10-04T23:53:14Z","message":"Serve tunnel error"}
{"level":"info","event":0,"ip":"198.41.200.33","connIndex":0,"time":"2026-10-04T23:53:14Z","message":"Retrying connection in up to 32s"}
{"level":"error","error":"TLS handshake with edge error: read tcp 198.18.0.1:33808->198.41.200.33:7844: i/o timeout","connIndex":0,"time":"2026-10-04T23:53:21Z","message":"Connection terminated"}
{"level":"info","event":0,"ip":"198.41.192.77","connIndex":0,"time":"2026-10-04T23:54:19Z","message":"Tunnel connection curve preferences: [X25519MLKEM768 CurveID(65074) CurveP256]"}
{"level":"error","error":"lookup region1.v2.argotunnel.com: i/o timeout","time":"2026-10-04T23:54:21Z","message":"Failed to refresh DNS local resolver"}
{"level":"error","event":0,"ip":"198.41.192.77","connIndex":0,"error":"TLS handshake with edge error: read tcp 198.18.0.1:59556->198.41.192.77:7844: i/o timeout","time":"2026-10-04T23:54:34Z","message":"Unable to establish connection with Cloudflare edge"}
{"level":"error","event":0,"ip":"198.41.192.77","connIndex":0,"error":"TLS handshake with edge error: read tcp 198.18.0.1:59556->198.41.192.77:7844: i/o timeout","time":"2026-10-04T23:54:34Z","message":"Serve tunnel error"}
{"level":"info","event":0,"ip":"198.41.192.77","connIndex":0,"time":"2026-10-04T23:54:34Z","message":"Retrying connection in up to 32s"}
{"level":"error","error":"TLS handshake with edge error: read tcp 198.18.0.1:59556->198.41.192.77:7844: i/o timeout","connIndex":0,"time":"2026-10-04T23:54:56Z","message":"Connection terminated"}
{"level":"info","event":0,"ip":"198.41.200.233","connIndex":0,"time":"2026-10-04T23:54:59Z","message":"Tunnel connection curve preferences: [X25519MLKEM768 CurveID(65074) CurveP256]"}
{"level":"error","event":0,"ip":"198.41.200.233","connIndex":0,"error":"TLS handshake with edge error: read tcp 198.18.0.1:48044->198.41.200.233:7844: i/o timeout","time":"2026-10-04T23:55:14Z","message":"Unable to establish connection with Cloudflare edge"}
{"level":"error","event":0,"ip":"198.41.200.233","connIndex":0,"error":"TLS handshake with edge error: read tcp 198.18.0.1:48044->198.41.200.233:7844: i/o timeout","time":"2026-10-04T23:55:14Z","message":"Serve tunnel error"}
{"level":"info","event":0,"ip":"198.41.200.233","connIndex":0,"time":"2026-10-04T23:55:14Z","message":"Retrying connection in up to 32s"}
{"level":"error","error":"TLS handshake with edge error: read tcp 198.18.0.1:48044->198.41.200.233:7844: i/o timeout","connIndex":0,"time":"2026-10-04T23:55:36Z","message":"Connection terminated"}
{"level":"info","event":0,"ip":"198.41.200.43","connIndex":0,"time":"2026-10-04T23:58:13Z","message":"Tunnel connection curve preferences: [X25519MLKEM768 CurveID(65074) CurveP256]"}
{"level":"error","event":0,"ip":"198.41.200.43","connIndex":0,"error":"TLS handshake with edge error: read tcp 198.18.0.1:53888->198.41.200.43:7844: i/o timeout","time":"2026-10-04T23:58:28Z","message":"Unable to establish connection with Cloudflare edge"}
{"level":"error","event":0,"ip":"198.41.200.43","connIndex":0,"error":"TLS handshake with edge error: read tcp 198.18.0.1:53888->198.41.200.43:7844: i/o timeout","time":"2026-10-04T23:58:28Z","message":"Serve tunnel error"}
{"level":"info","event":0,"ip":"198.41.200.43","connIndex":0,"time":"2026-10-04T23:58:28Z","message":"Retrying connection in up to 32s"}
{"level":"error","error":"TLS handshake with edge error: read tcp 198.18.0.1:53888->198.41.200.43:7844: i/o timeout","connIndex":0,"time":"2026-10-04T23:58:43Z","message":"Connection terminated"}
{"level":"info","event":0,"ip":"198.41.192.167","connIndex":0,"time":"2026-10-04T23:59:35Z","message":"Tunnel connection curve preferences: [X25519MLKEM768 CurveID(65074) CurveP256]"}
{"level":"error","event":0,"ip":"198.41.192.167","connIndex":0,"error":"TLS handshake with edge error: read tcp 198.18.0.1:42810->198.41.192.167:7844: i/o timeout","time":"2026-10-04T23:59:50Z","message":"Unable to establish connection with Cloudflare edge"}
{"level":"error","event":0,"ip":"198.41.192.167","connIndex":0,"error":"TLS handshake with edge error: read tcp 198.18.0.1:42810->198.41.192.167:7844: i/o timeout","time":"2026-10-04T23:59:50Z","message":"Serve tunnel error"}
{"level":"info","event":0,"ip":"198.41.192.167","connIndex":0,"time":"2026-10-04T23:59:50Z","message":"Retrying connection in up to 32s"}
{"level":"error","error":"TLS handshake with edge error: read tcp 198.18.0.1:42810->198.41.192.167:7844: i/o timeout","connIndex":0,"time":"2026-10-05T00:00:18Z","message":"Connection terminated"}
{"level":"info","event":0,"ip":"198.41.192.47","connIndex":0,"time":"2026-10-05T00:03:34Z","message":"Tunnel connection curve preferences: [X25519MLKEM768 CurveID(65074) CurveP256]"}
{"level":"error","event":0,"ip":"198.41.192.47","connIndex":0,"error":"TLS handshake with edge error: read tcp 198.18.0.1:32804->198.41.192.47:7844: i/o timeout","time":"2026-10-05T00:03:49Z","message":"Unable to establish connection with Cloudflare edge"}
{"level":"error","event":0,"ip":"198.41.192.47","connIndex":0,"error":"TLS handshake with edge error: read tcp 198.18.0.1:32804->198.41.192.47:7844: i/o timeout","time":"2026-10-05T00:03:49Z","message":"Serve tunnel error"}
{"level":"info","event":0,"ip":"198.41.192.47","connIndex":0,"time":"2026-10-05T00:03:49Z","message":"Retrying connection in up to 32s"}
{"level":"error","error":"TLS handshake with edge error: read tcp 198.18.0.1:32804->198.41.192.47:7844: i/o timeout","connIndex":0,"time":"2026-10-05T00:04:02Z","message":"Connection terminated"}
{"level":"info","event":0,"ip":"198.41.200.53","connIndex":0,"time":"2026-10-05T00:04:24Z","message":"Tunnel connection curve preferences: [X25519MLKEM768 CurveID(65074) CurveP256]"}
{"level":"error","event":0,"ip":"198.41.200.53","connIndex":0,"error":"TLS handshake with edge error: read tcp 198.18.0.1:49024->198.41.200.53:7844: i/o timeout","time":"2026-10-05T00:04:39Z","message":"Unable to establish connection with Cloudflare edge"}
{"level":"error","event":0,"ip":"198.41.200.53","connIndex":0,"error":"TLS handshake with edge error: read tcp 198.18.0.1:49024->198.41.200.53:7844: i/o timeout","time":"2026-10-05T00:04:39Z","message":"Serve tunnel error"}
{"level":"info","event":0,"ip":"198.41.200.53","connIndex":0,"time":"2026-10-05T00:04:39Z","message":"Retrying connection in up to 32s"}
{"level":"error","error":"TLS handshake with edge error: read tcp 198.18.0.1:49024->198.41.200.53:7844: i/o timeout","connIndex":0,"time":"2026-10-05T00:04:54Z","message":"Connection terminated"}
{"level":"info","event":0,"ip":"198.41.200.43","connIndex":0,"time":"2026-10-05T00:07:09Z","message":"Tunnel connection curve preferences: [X25519MLKEM768 CurveID(65074) CurveP256]"}
{"level":"error","event":0,"ip":"198.41.200.43","connIndex":0,"error":"TLS handshake with edge error: read tcp 198.18.0.1:53246->198.41.200.43:7844: i/o timeout","time":"2026-10-05T00:07:24Z","message":"Unable to establish connection with Cloudflare edge"}
{"level":"error","event":0,"ip":"198.41.200.43","connIndex":0,"error":"TLS handshake with edge error: read tcp 198.18.0.1:53246->198.41.200.43:7844: i/o timeout","time":"2026-10-05T00:07:24Z","message":"Serve tunnel error"}
{"level":"info","event":0,"ip":"198.41.200.43","connIndex":0,"time":"2026-10-05T00:07:24Z","message":"Retrying connection in up to 32s"}
{"level":"error","error":"TLS handshake with edge error: read tcp 198.18.0.1:53246->198.41.200.43:7844: i/o timeout","connIndex":0,"time":"2026-10-05T00:07:50Z","message":"Connection terminated"}
{"level":"info","event":0,"ip":"198.41.200.63","connIndex":0,"time":"2026-10-05T00:09:10Z","message":"Tunnel connection curve preferences: [X25519MLKEM768 CurveID(65074) CurveP256]"}
{"level":"error","event":0,"ip":"198.41.200.63","connIndex":0,"error":"TLS handshake with edge error: read tcp 198.18.0.1:52056->198.41.200.63:7844: i/o timeout","time":"2026-10-05T00:09:25Z","message":"Unable to establish connection with Cloudflare edge"}
{"level":"error","event":0,"ip":"198.41.200.63","connIndex":0,"error":"TLS handshake with edge error: read tcp 198.18.0.1:52056->198.41.200.63:7844: i/o timeout","time":"2026-10-05T00:09:25Z","message":"Serve tunnel error"}
{"level":"info","event":0,"ip":"198.41.200.63","connIndex":0,"time":"2026-10-05T00:09:25Z","message":"Retrying connection in up to 32s"}
{"level":"error","error":"TLS handshake with edge error: read tcp 198.18.0.1:52056->198.41.200.63:7844: i/o timeout","connIndex":0,"time":"2026-10-05T00:09:37Z","message":"Connection terminated"}
{"level":"info","event":0,"ip":"198.41.200.33","connIndex":0,"time":"2026-10-05T00:12:38Z","message":"Tunnel connection curve preferences: [X25519MLKEM768 CurveID(65074) CurveP256]"}
{"level":"error","event":0,"ip":"198.41.200.33","connIndex":0,"error":"TLS handshake with edge error: read tcp 198.18.0.1:58746->198.41.200.33:7844: i/o timeout","time":"2026-10-05T00:12:53Z","message":"Unable to establish connection with Cloudflare edge"}
{"level":"error","event":0,"ip":"198.41.200.33","connIndex":0,"error":"TLS handshake with edge error: read tcp 198.18.0.1:58746->198.41.200.33:7844: i/o timeout","time":"2026-10-05T00:12:53Z","message":"Serve tunnel error"}
{"level":"info","event":0,"ip":"198.41.200.33","connIndex":0,"time":"2026-10-05T00:12:53Z","message":"Retrying connection in up to 32s"}
{"level":"error","error":"TLS handshake with edge error: read tcp 198.18.0.1:58746->198.41.200.33:7844: i/o timeout","connIndex":0,"time":"2026-10-05T00:13:07Z","message":"Connection terminated"}
{"level":"info","event":0,"ip":"198.41.192.57","connIndex":0,"time":"2026-10-05T00:15:32Z","message":"Tunnel connection curve preferences: [X25519MLKEM768 CurveID(65074) CurveP256]"}
{"level":"error","event":0,"ip":"198.41.192.57","connIndex":0,"error":"TLS handshake with edge error: read tcp 198.18.0.1:34364->198.41.192.57:7844: i/o timeout","time":"2026-10-05T00:15:47Z","message":"Unable to establish connection with Cloudflare edge"}
{"level":"error","event":0,"ip":"198.41.192.57","connIndex":0,"error":"TLS handshake with edge error: read tcp 198.18.0.1:34364->198.41.192.57:7844: i/o timeout","time":"2026-10-05T00:15:47Z","message":"Serve tunnel error"}
{"level":"info","event":0,"ip":"198.41.192.57","connIndex":0,"time":"2026-10-05T00:15:47Z","message":"Retrying connection in up to 32s"}
{"level":"error","error":"TLS handshake with edge error: read tcp 198.18.0.1:34364->198.41.192.57:7844: i/o timeout","connIndex":0,"time":"2026-10-05T00:16:10Z","message":"Connection terminated"}
{"level":"info","event":0,"ip":"198.41.192.37","connIndex":0,"time":"2026-10-05T00:19:24Z","message":"Tunnel connection curve preferences: [X25519MLKEM768 CurveID(65074) CurveP256]"}
{"level":"error","error":"lookup region1.v2.argotunnel.com: i/o timeout","time":"2026-10-05T00:19:26Z","message":"Failed to refresh DNS local resolver"}
{"level":"error","event":0,"ip":"198.41.192.37","connIndex":0,"error":"TLS handshake with edge error: read tcp 198.18.0.1:45728->198.41.192.37:7844: i/o timeout","time":"2026-10-05T00:19:39Z","message":"Unable to establish connection with Cloudflare edge"}
{"level":"error","event":0,"ip":"198.41.192.37","connIndex":0,"error":"TLS handshake with edge error: read tcp 198.18.0.1:45728->198.41.192.37:7844: i/o timeout","time":"2026-10-05T00:19:39Z","message":"Serve tunnel error"}
{"level":"info","event":0,"ip":"198.41.192.37","connIndex":0,"time":"2026-10-05T00:19:39Z","message":"Retrying connection in up to 32s"}
{"level":"error","error":"TLS handshake with edge error: read tcp 198.18.0.1:45728->198.41.192.37:7844: i/o timeout","connIndex":0,"time":"2026-10-05T00:19:51Z","message":"Connection terminated"}
{"level":"info","event":0,"ip":"198.41.200.43","connIndex":0,"time":"2026-10-05T00:20:00Z","message":"Tunnel connection curve preferences: [X25519MLKEM768 CurveID(65074) CurveP256]"}
{"level":"error","event":0,"ip":"198.41.200.43","connIndex":0,"error":"TLS handshake with edge error: read tcp 198.18.0.1:57962->198.41.200.43:7844: i/o timeout","time":"2026-10-05T00:20:15Z","message":"Unable to establish connection with Cloudflare edge"}
{"level":"error","event":0,"ip":"198.41.200.43","connIndex":0,"error":"TLS handshake with edge error: read tcp 198.18.0.1:57962->198.41.200.43:7844: i/o timeout","time":"2026-10-05T00:20:15Z","message":"Serve tunnel error"}
{"level":"info","event":0,"ip":"198.41.200.43","connIndex":0,"time":"2026-10-05T00:20:15Z","message":"Retrying connection in up to 32s"}
{"level":"error","error":"TLS handshake with edge error: read tcp 198.18.0.1:57962->198.41.200.43:7844: i/o timeout","connIndex":0,"time":"2026-10-05T00:20:22Z","message":"Connection terminated"}
{"level":"info","event":0,"ip":"198.41.200.13","connIndex":0,"time":"2026-10-05T00:23:51Z","message":"Tunnel connection curve preferences: [X25519MLKEM768 CurveID(65074) CurveP256]"}
{"level":"error","event":0,"ip":"198.41.200.13","connIndex":0,"error":"TLS handshake with edge error: read tcp 198.18.0.1:49606->198.41.200.13:7844: i/o timeout","time":"2026-10-05T00:24:06Z","message":"Unable to establish connection with Cloudflare edge"}
{"level":"error","event":0,"ip":"198.41.200.13","connIndex":0,"error":"TLS handshake with edge error: read tcp 198.18.0.1:49606->198.41.200.13:7844: i/o timeout","time":"2026-10-05T00:24:06Z","message":"Serve tunnel error"}
{"level":"info","event":0,"ip":"198.41.200.13","connIndex":0,"time":"2026-10-05T00:24:06Z","message":"Retrying connection in up to 32s"}
{"level":"error","error":"TLS handshake with edge error: read tcp 198.18.0.1:49606->198.41.200.13:7844: i/o timeout","connIndex":0,"time":"2026-10-05T00:24:36Z","message":"Connection terminated"}
{"level":"info","event":0,"ip":"198.41.192.227","connIndex":0,"time":"2026-10-05T00:25:51Z","message":"Tunnel connection curve preferences: [X25519MLKEM768 CurveID(65074) CurveP256]"}
{"level":"error","event":0,"ip":"198.41.192.227","connIndex":0,"error":"TLS handshake with edge error: read tcp 198.18.0.1:54268->198.41.192.227:7844: i/o timeout","time":"2026-10-05T00:26:06Z","message":"Unable to establish connection with Cloudflare edge"}
{"level":"error","event":0,"ip":"198.41.192.227","connIndex":0,"error":"TLS handshake with edge error: read tcp 198.18.0.1:54268->198.41.192.227:7844: i/o timeout","time":"2026-10-05T00:26:06Z","message":"Serve tunnel error"}
{"level":"info","event":0,"ip":"198.41.192.227","connIndex":0,"time":"2026-10-05T00:26:06Z","message":"Retrying connection in up to 32s"}
{"level":"error","error":"TLS handshake with edge error: read tcp 198.18.0.1:54268->198.41.192.227:7844: i/o timeout","connIndex":0,"time":"2026-10-05T00:26:28Z","message":"Connection terminated"}
{"level":"info","event":0,"ip":"198.41.192.67","connIndex":0,"time":"2026-10-05T00:26:29Z","message":"Tunnel connection curve preferences: [X25519MLKEM768 CurveID(65074) CurveP256]"}
{"level":"error","event":0,"ip":"198.41.192.67","connIndex":0,"error":"TLS handshake with edge error: read tcp 198.18.0.1:40636->198.41.192.67:7844: i/o timeout","time":"2026-10-05T00:26:44Z","message":"Unable to establish connection with Cloudflare edge"}
{"level":"error","event":0,"ip":"198.41.192.67","connIndex":0,"error":"TLS handshake with edge error: read tcp 198.18.0.1:40636->198.41.192.67:7844: i/o timeout","time":"2026-10-05T00:26:44Z","message":"Serve tunnel error"}
{"level":"info","event":0,"ip":"198.41.192.67","connIndex":0,"time":"2026-10-05T00:26:44Z","message":"Retrying connection in up to 32s"}
{"level":"error","error":"TLS handshake with edge error: read tcp 198.18.0.1:40636->198.41.192.67:7844: i/o timeout","connIndex":0,"time":"2026-10-05T00:26:52Z","message":"Connection terminated"}
{"level":"info","event":0,"ip":"198.41.200.43","connIndex":0,"time":"2026-10-05T00:31:14Z","message":"Tunnel connection curve preferences: [X25519MLKEM768 CurveID(65074) CurveP256]"}
{"level":"error","event":0,"ip":"198.41.200.43","connIndex":0,"error":"TLS handshake with edge error: read tcp 198.18.0.1:55088->198.41.200.43:7844: i/o timeout","time":"2026-10-05T00:31:29Z","message":"Unable to establish connection with Cloudflare edge"}
{"level":"error","event":0,"ip":"198.41.200.43","connIndex":0,"error":"TLS handshake with edge error: read tcp 198.18.0.1:55088->198.41.200.43:7844: i/o timeout","time":"2026-10-05T00:31:29Z","message":"Serve tunnel error"}
{"level":"info","event":0,"ip":"198.41.200.43","connIndex":0,"time":"2026-10-05T00:31:29Z","message":"Retrying connection in up to 32s"}
{"level":"error","error":"TLS handshake with edge error: read tcp 198.18.0.1:55088->198.41.200.43:7844: i/o timeout","connIndex":0,"time":"2026-10-05T00:32:00Z","message":"Connection terminated"}
{"level":"info","event":0,"ip":"198.41.200.53","connIndex":0,"time":"2026-10-05T00:32:03Z","message":"Tunnel connection curve preferences: [X25519MLKEM768 CurveID(65074) CurveP256]"}
{"level":"error","event":0,"ip":"198.41.200.53","connIndex":0,"error":"TLS handshake with edge error: read tcp 198.18.0.1:32902->198.41.200.53:7844: i/o timeout","time":"2026-10-05T00:32:18Z","message":"Unable to establish connection with Cloudflare edge"}
{"level":"error","event":0,"ip":"198.41.200.53","connIndex":0,"error":"TLS handshake with edge error: read tcp 198.18.0.1:32902->198.41.200.53:7844: i/o timeout","time":"2026-10-05T00:32:18Z","message":"Serve tunnel error"}
{"level":"info","event":0,"ip":"198.41.200.53","connIndex":0,"time":"2026-10-05T00:32:18Z","message":"Retrying connection in up to 32s"}
{"level":"error","error":"TLS handshake with edge error: read tcp 198.18.0.1:32902->198.41.200.53:7844: i/o timeout","connIndex":0,"time":"2026-10-05T00:32:38Z","message":"Connection terminated"}
{"level":"info","event":0,"ip":"198.41.200.33","connIndex":0,"time":"2026-10-05T00:34:07Z","message":"Tunnel connection curve preferences: [X25519MLKEM768 CurveID(65074) CurveP256]"}
{"level":"error","event":0,"ip":"198.41.200.33","connIndex":0,"error":"TLS handshake with edge error: read tcp 198.18.0.1:60128->198.41.200.33:7844: i/o timeout","time":"2026-10-05T00:34:22Z","message":"Unable to establish connection with Cloudflare edge"}
{"level":"error","event":0,"ip":"198.41.200.33","connIndex":0,"error":"TLS handshake with edge error: read tcp 198.18.0.1:60128->198.41.200.33:7844: i/o timeout","time":"2026-10-05T00:34:22Z","message":"Serve tunnel error"}
{"level":"info","event":0,"ip":"198.41.200.33","connIndex":0,"time":"2026-10-05T00:34:22Z","message":"Retrying connection in up to 32s"}
{"level":"error","error":"TLS handshake with edge error: read tcp 198.18.0.1:60128->198.41.200.33:7844: i/o timeout","connIndex":0,"time":"2026-10-05T00:34:26Z","message":"Connection terminated"}
{"level":"error","error":"lookup region1.v2.argotunnel.com: i/o timeout","time":"2026-10-05T00:34:32Z","message":"Failed to refresh DNS local resolver"}
{"level":"info","event":0,"ip":"198.41.192.107","connIndex":0,"time":"2026-10-05T00:38:16Z","message":"Tunnel connection curve preferences: [X25519MLKEM768 CurveID(65074) CurveP256]"}
{"level":"error","event":0,"ip":"198.41.192.107","connIndex":0,"error":"TLS handshake with edge error: read tcp 198.18.0.1:49488->198.41.192.107:7844: i/o timeout","time":"2026-10-05T00:38:31Z","message":"Unable to establish connection with Cloudflare edge"}
{"level":"error","event":0,"ip":"198.41.192.107","connIndex":0,"error":"TLS handshake with edge error: read tcp 198.18.0.1:49488->198.41.192.107:7844: i/o timeout","time":"2026-10-05T00:38:31Z","message":"Serve tunnel error"}
{"level":"info","event":0,"ip":"198.41.192.107","connIndex":0,"time":"2026-10-05T00:38:31Z","message":"Retrying connection in up to 32s"}
{"level":"error","error":"TLS handshake with edge error: read tcp 198.18.0.1:49488->198.41.192.107:7844: i/o timeout","connIndex":0,"time":"2026-10-05T00:38:40Z","message":"Connection terminated"}
{"level":"error","error":"lookup region1.v2.argotunnel.com: i/o timeout","time":"2026-10-05T00:39:37Z","message":"Failed to refresh DNS local resolver"}
{"level":"info","event":0,"ip":"198.41.192.77","connIndex":0,"time":"2026-10-05T00:43:39Z","message":"Tunnel connection curve preferences: [X25519MLKEM768 CurveID(65074) CurveP256]"}
{"level":"error","event":0,"ip":"198.41.192.77","connIndex":0,"error":"TLS handshake with edge error: read tcp 198.18.0.1:44574->198.41.192.77:7844: i/o timeout","time":"2026-10-05T00:43:54Z","message":"Unable to establish connection with Cloudflare edge"}
{"level":"error","event":0,"ip":"198.41.192.77","connIndex":0,"error":"TLS handshake with edge error: read tcp 198.18.0.1:44574->198.41.192.77:7844: i/o timeout","time":"2026-10-05T00:43:54Z","message":"Serve tunnel error"}
{"level":"info","event":0,"ip":"198.41.192.77","connIndex":0,"time":"2026-10-05T00:43:54Z","message":"Retrying connection in up to 32s"}
{"level":"error","error":"TLS handshake with edge error: read tcp 198.18.0.1:44574->198.41.192.77:7844: i/o timeout","connIndex":0,"time":"2026-10-05T00:44:22Z","message":"Connection terminated"}
{"level":"info","event":0,"ip":"198.41.200.33","connIndex":0,"time":"2026-10-05T00:45:02Z","message":"Tunnel connection curve preferences: [X25519MLKEM768 CurveID(65074) CurveP256]"}
{"level":"error","event":0,"ip":"198.41.200.33","connIndex":0,"error":"TLS handshake with edge error: read tcp 198.18.0.1:39650->198.41.200.33:7844: i/o timeout","time":"2026-10-05T00:45:17Z","message":"Unable to establish connection with Cloudflare edge"}
{"level":"error","event":0,"ip":"198.41.200.33","connIndex":0,"error":"TLS handshake with edge error: read tcp 198.18.0.1:39650->198.41.200.33:7844: i/o timeout","time":"2026-10-05T00:45:17Z","message":"Serve tunnel error"}
{"level":"info","event":0,"ip":"198.41.200.33","connIndex":0,"time":"2026-10-05T00:45:17Z","message":"Retrying connection in up to 32s"}
{"level":"error","error":"TLS handshake with edge error: read tcp 198.18.0.1:39650->198.41.200.33:7844: i/o timeout","connIndex":0,"time":"2026-10-05T00:45:45Z","message":"Connection terminated"}
{"level":"info","event":0,"ip":"198.41.192.227","connIndex":0,"time":"2026-10-05T00:50:44Z","message":"Tunnel connection curve preferences: [X25519MLKEM768 CurveID(65074) CurveP256]"}
{"level":"error","event":0,"ip":"198.41.192.227","connIndex":0,"error":"TLS handshake with edge error: read tcp 198.18.0.1:59896->198.41.192.227:7844: i/o timeout","time":"2026-10-05T00:50:59Z","message":"Unable to establish connection with Cloudflare edge"}
{"level":"error","event":0,"ip":"198.41.192.227","connIndex":0,"error":"TLS handshake with edge error: read tcp 198.18.0.1:59896->198.41.192.227:7844: i/o timeout","time":"2026-10-05T00:50:59Z","message":"Serve tunnel error"}
{"level":"info","event":0,"ip":"198.41.192.227","connIndex":0,"time":"2026-10-05T00:50:59Z","message":"Retrying connection in up to 32s"}
{"level":"error","error":"TLS handshake with edge error: read tcp 198.18.0.1:59896->198.41.192.227:7844: i/o timeout","connIndex":0,"time":"2026-10-05T00:51:15Z","message":"Connection terminated"}
{"level":"info","event":0,"ip":"198.41.200.193","connIndex":0,"time":"2026-10-05T00:51:50Z","message":"Tunnel connection curve preferences: [X25519MLKEM768 CurveID(65074) CurveP256]"}
{"level":"error","event":0,"ip":"198.41.200.193","connIndex":0,"error":"TLS handshake with edge error: read tcp 198.18.0.1:46044->198.41.200.193:7844: i/o timeout","time":"2026-10-05T00:52:05Z","message":"Unable to establish connection with Cloudflare edge"}
{"level":"error","event":0,"ip":"198.41.200.193","connIndex":0,"error":"TLS handshake with edge error: read tcp 198.18.0.1:46044->198.41.200.193:7844: i/o timeout","time":"2026-10-05T00:52:05Z","message":"Serve tunnel error"}
{"level":"info","event":0,"ip":"198.41.200.193","connIndex":0,"time":"2026-10-05T00:52:05Z","message":"Retrying connection in up to 32s"}
{"level":"error","error":"TLS handshake with edge error: read tcp 198.18.0.1:46044->198.41.200.193:7844: i/o timeout","connIndex":0,"time":"2026-10-05T00:52:16Z","message":"Connection terminated"}
{"level":"info","event":0,"ip":"198.41.200.43","connIndex":0,"time":"2026-10-05T00:56:50Z","message":"Tunnel connection curve preferences: [X25519MLKEM768 CurveID(65074) CurveP256]"}
{"level":"error","event":0,"ip":"198.41.200.43","connIndex":0,"error":"TLS handshake with edge error: read tcp 198.18.0.1:56744->198.41.200.43:7844: i/o timeout","time":"2026-10-05T00:57:05Z","message":"Unable to establish connection with Cloudflare edge"}
{"level":"error","event":0,"ip":"198.41.200.43","connIndex":0,"error":"TLS handshake with edge error: read tcp 198.18.0.1:56744->198.41.200.43:7844: i/o timeout","time":"2026-10-05T00:57:05Z","message":"Serve tunnel error"}
{"level":"info","event":0,"ip":"198.41.200.43","connIndex":0,"time":"2026-10-05T00:57:05Z","message":"Retrying connection in up to 32s"}
{"level":"error","error":"TLS handshake with edge error: read tcp 198.18.0.1:56744->198.41.200.43:7844: i/o timeout","connIndex":0,"time":"2026-10-05T00:57:32Z","message":"Connection terminated"}
{"level":"info","event":0,"ip":"198.41.200.33","connIndex":0,"time":"2026-10-05T00:59:14Z","message":"Tunnel connection curve preferences: [X25519MLKEM768 CurveID(65074) CurveP256]"}
{"level":"error","event":0,"ip":"198.41.200.33","connIndex":0,"error":"TLS handshake with edge error: read tcp 198.18.0.1:56156->198.41.200.33:7844: i/o timeout","time":"2026-10-05T00:59:29Z","message":"Unable to establish connection with Cloudflare edge"}
{"level":"error","event":0,"ip":"198.41.200.33","connIndex":0,"error":"TLS handshake with edge error: read tcp 198.18.0.1:56156->198.41.200.33:7844: i/o timeout","time":"2026-10-05T00:59:29Z","message":"Serve tunnel error"}
{"level":"info","event":0,"ip":"198.41.200.33","connIndex":0,"time":"2026-10-05T00:59:29Z","message":"Retrying connection in up to 32s"}
{"level":"error","error":"TLS handshake with edge error: read tcp 198.18.0.1:56156->198.41.200.33:7844: i/o timeout","connIndex":0,"time":"2026-10-05T00:59:36Z","message":"Connection terminated"}
{"level":"error","error":"lookup region1.v2.argotunnel.com: i/o timeout","time":"2026-10-05T00:59:42Z","message":"Failed to refresh DNS local resolver"}
{"level":"info","event":0,"ip":"198.41.200.43","connIndex":0,"time":"2026-10-05T01:00:26Z","message":"Tunnel connection curve preferences: [X25519MLKEM768 CurveID(65074) CurveP256]"}
{"level":"error","event":0,"ip":"198.41.200.43","connIndex":0,"error":"TLS handshake with edge error: read tcp 198.18.0.1:50626->198.41.200.43:7844: i/o timeout","time":"2026-10-05T01:00:41Z","message":"Unable to establish connection with Cloudflare edge"}
{"level":"error","event":0,"ip":"198.41.200.43","connIndex":0,"error":"TLS handshake with edge error: read tcp 198.18.0.1:50626->198.41.200.43:7844: i/o timeout","time":"2026-10-05T01:00:41Z","message":"Serve tunnel error"}
{"level":"info","event":0,"ip":"198.41.200.43","connIndex":0,"time":"2026-10-05T01:00:41Z","message":"Retrying connection in up to 32s"}
{"level":"error","error":"TLS handshake with edge error: read tcp 198.18.0.1:50626->198.41.200.43:7844: i/o timeout","connIndex":0,"time":"2026-10-05T01:01:10Z","message":"Connection terminated"}
{"level":"info","event":0,"ip":"198.41.200.23","connIndex":0,"time":"2026-10-05T01:01:46Z","message":"Tunnel connection curve preferences: [X25519MLKEM768 CurveID(65074) CurveP256]"}
{"level":"error","event":0,"ip":"198.41.200.23","connIndex":0,"error":"TLS handshake with edge error: read tcp 198.18.0.1:57678->198.41.200.23:7844: i/o timeout","time":"2026-10-05T01:02:01Z","message":"Unable to establish connection with Cloudflare edge"}
{"level":"error","event":0,"ip":"198.41.200.23","connIndex":0,"error":"TLS handshake with edge error: read tcp 198.18.0.1:57678->198.41.200.23:7844: i/o timeout","time":"2026-10-05T01:02:01Z","message":"Serve tunnel error"}
{"level":"info","event":0,"ip":"198.41.200.23","connIndex":0,"time":"2026-10-05T01:02:01Z","message":"Retrying connection in up to 32s"}
{"level":"error","error":"TLS handshake with edge error: read tcp 198.18.0.1:57678->198.41.200.23:7844: i/o timeout","connIndex":0,"time":"2026-10-05T01:02:04Z","message":"Connection terminated"}
{"level":"info","event":0,"ip":"198.41.200.193","connIndex":0,"time":"2026-10-05T01:06:43Z","message":"Tunnel connection curve preferences: [X25519MLKEM768 CurveID(65074) CurveP256]"}
{"level":"error","event":0,"ip":"198.41.200.193","connIndex":0,"error":"TLS handshake with edge error: read tcp 198.18.0.1:52058->198.41.200.193:7844: i/o timeout","time":"2026-10-05T01:06:58Z","message":"Unable to establish connection with Cloudflare edge"}
{"level":"error","event":0,"ip":"198.41.200.193","connIndex":0,"error":"TLS handshake with edge error: read tcp 198.18.0.1:52058->198.41.200.193:7844: i/o timeout","time":"2026-10-05T01:06:58Z","message":"Serve tunnel error"}
{"level":"info","event":0,"ip":"198.41.200.193","connIndex":0,"time":"2026-10-05T01:06:58Z","message":"Retrying connection in up to 32s"}
{"level":"error","error":"TLS handshake with edge error: read tcp 198.18.0.1:52058->198.41.200.193:7844: i/o timeout","connIndex":0,"time":"2026-10-05T01:07:22Z","message":"Connection terminated"}
{"level":"info","event":0,"ip":"198.41.200.43","connIndex":0,"time":"2026-10-05T01:10:59Z","message":"Tunnel connection curve preferences: [X25519MLKEM768 CurveID(65074) CurveP256]"}
{"level":"error","event":0,"ip":"198.41.200.43","connIndex":0,"error":"TLS handshake with edge error: read tcp 198.18.0.1:52572->198.41.200.43:7844: i/o timeout","time":"2026-10-05T01:11:14Z","message":"Unable to establish connection with Cloudflare edge"}
{"level":"error","event":0,"ip":"198.41.200.43","connIndex":0,"error":"TLS handshake with edge error: read tcp 198.18.0.1:52572->198.41.200.43:7844: i/o timeout","time":"2026-10-05T01:11:14Z","message":"Serve tunnel error"}
{"level":"info","event":0,"ip":"198.41.200.43","connIndex":0,"time":"2026-10-05T01:11:14Z","message":"Retrying connection in up to 32s"}
{"level":"error","error":"TLS handshake with edge error: read tcp 198.18.0.1:52572->198.41.200.43:7844: i/o timeout","connIndex":0,"time":"2026-10-05T01:11:28Z","message":"Connection terminated"}
{"level":"info","event":0,"ip":"198.41.200.53","connIndex":0,"time":"2026-10-05T01:12:52Z","message":"Tunnel connection curve preferences: [X25519MLKEM768 CurveID(65074) CurveP256]"}
{"level":"error","event":0,"ip":"198.41.200.53","connIndex":0,"error":"TLS handshake with edge error: read tcp 198.18.0.1:50596->198.41.200.53:7844: i/o timeout","time":"2026-10-05T01:13:07Z","message":"Unable to establish connection with Cloudflare edge"}
{"level":"error","event":0,"ip":"198.41.200.53","connIndex":0,"error":"TLS handshake with edge error: read tcp 198.18.0.1:50596->198.41.200.53:7844: i/o timeout","time":"2026-10-05T01:13:07Z","message":"Serve tunnel error"}
{"level":"info","event":0,"ip":"198.41.200.53","connIndex":0,"time":"2026-10-05T01:13:07Z","message":"Retrying connection in up to 32s"}
{"level":"error","error":"TLS handshake with edge error: read tcp 198.18.0.1:50596->198.41.200.53:7844: i/o timeout","connIndex":0,"time":"2026-10-05T01:13:27Z","message":"Connection terminated"}
{"level":"error","error":"lookup region1.v2.argotunnel.com on 127.0.0.53:53: server misbehaving","time":"2026-10-05T01:14:42Z","message":"Failed to refresh DNS local resolver"}
{"level":"info","event":0,"ip":"198.41.192.227","connIndex":0,"time":"2026-10-05T01:17:52Z","message":"Tunnel connection curve preferences: [X25519MLKEM768 CurveID(65074) CurveP256]"}
{"level":"error","event":0,"ip":"198.41.192.227","connIndex":0,"error":"TLS handshake with edge error: read tcp 198.18.0.1:52894->198.41.192.227:7844: i/o timeout","time":"2026-10-05T01:18:07Z","message":"Unable to establish connection with Cloudflare edge"}
{"level":"error","event":0,"ip":"198.41.192.227","connIndex":0,"error":"TLS handshake with edge error: read tcp 198.18.0.1:52894->198.41.192.227:7844: i/o timeout","time":"2026-10-05T01:18:07Z","message":"Serve tunnel error"}
{"level":"info","event":0,"ip":"198.41.192.227","connIndex":0,"time":"2026-10-05T01:18:07Z","message":"Retrying connection in up to 32s"}
{"level":"error","error":"TLS handshake with edge error: read tcp 198.18.0.1:52894->198.41.192.227:7844: i/o timeout","connIndex":0,"time":"2026-10-05T01:18:32Z","message":"Connection terminated"}
{"level":"info","event":0,"ip":"198.41.200.13","connIndex":0,"time":"2026-10-05T01:19:23Z","message":"Tunnel connection curve preferences: [X25519MLKEM768 CurveID(65074) CurveP256]"}
{"level":"error","event":0,"ip":"198.41.200.13","connIndex":0,"error":"TLS handshake with edge error: read tcp 198.18.0.1:58276->198.41.200.13:7844: i/o timeout","time":"2026-10-05T01:19:38Z","message":"Unable to establish connection with Cloudflare edge"}
{"level":"error","event":0,"ip":"198.41.200.13","connIndex":0,"error":"TLS handshake with edge error: read tcp 198.18.0.1:58276->198.41.200.13:7844: i/o timeout","time":"2026-10-05T01:19:38Z","message":"Serve tunnel error"}
{"level":"info","event":0,"ip":"198.41.200.13","connIndex":0,"time":"2026-10-05T01:19:38Z","message":"Retrying connection in up to 32s"}
{"level":"error","error":"TLS handshake with edge error: read tcp 198.18.0.1:58276->198.41.200.13:7844: i/o timeout","connIndex":0,"time":"2026-10-05T01:20:04Z","message":"Connection terminated"}
{"level":"info","event":0,"ip":"198.41.192.67","connIndex":0,"time":"2026-10-05T01:20:55Z","message":"Tunnel connection curve preferences: [X25519MLKEM768 CurveID(65074) CurveP256]"}
{"level":"error","event":0,"ip":"198.41.192.67","connIndex":0,"error":"TLS handshake with edge error: read tcp 198.18.0.1:45482->198.41.192.67:7844: i/o timeout","time":"2026-10-05T01:21:10Z","message":"Unable to establish connection with Cloudflare edge"}
{"level":"error","event":0,"ip":"198.41.192.67","connIndex":0,"error":"TLS handshake with edge error: read tcp 198.18.0.1:45482->198.41.192.67:7844: i/o timeout","time":"2026-10-05T01:21:10Z","message":"Serve tunnel error"}
{"level":"info","event":0,"ip":"198.41.192.67","connIndex":0,"time":"2026-10-05T01:21:10Z","message":"Retrying connection in up to 32s"}
{"level":"error","error":"TLS handshake with edge error: read tcp 198.18.0.1:45482->198.41.192.67:7844: i/o timeout","connIndex":0,"time":"2026-10-05T01:21:34Z","message":"Connection terminated"}
{"level":"info","event":0,"ip":"198.41.192.107","connIndex":0,"time":"2026-10-05T01:26:45Z","message":"Tunnel connection curve preferences: [X25519MLKEM768 CurveID(65074) CurveP256]"}
{"level":"error","event":0,"ip":"198.41.192.107","connIndex":0,"error":"TLS handshake with edge error: read tcp 198.18.0.1:51712->198.41.192.107:7844: i/o timeout","time":"2026-10-05T01:27:00Z","message":"Unable to establish connection with Cloudflare edge"}
{"level":"error","event":0,"ip":"198.41.192.107","connIndex":0,"error":"TLS handshake with edge error: read tcp 198.18.0.1:51712->198.41.192.107:7844: i/o timeout","time":"2026-10-05T01:27:00Z","message":"Serve tunnel error"}
{"level":"info","event":0,"ip":"198.41.192.107","connIndex":0,"time":"2026-10-05T01:27:00Z","message":"Retrying connection in up to 32s"}
{"level":"error","error":"TLS handshake with edge error: read tcp 198.18.0.1:51712->198.41.192.107:7844: i/o timeout","connIndex":0,"time":"2026-10-05T01:27:23Z","message":"Connection terminated"}
{"level":"info","event":0,"ip":"198.41.192.77","connIndex":0,"time":"2026-10-05T01:30:15Z","message":"Tunnel connection curve preferences: [X25519MLKEM768 CurveID(65074) CurveP256]"}
{"level":"error","event":0,"ip":"198.41.192.77","connIndex":0,"error":"TLS handshake with edge error: read tcp 198.18.0.1:47792->198.41.192.77:7844: i/o timeout","time":"2026-10-05T01:30:30Z","message":"Unable to establish connection with Cloudflare edge"}
{"level":"error","event":0,"ip":"198.41.192.77","connIndex":0,"error":"TLS handshake with edge error: read tcp 198.18.0.1:47792->198.41.192.77:7844: i/o timeout","time":"2026-10-05T01:30:30Z","message":"Serve tunnel error"}
{"level":"info","event":0,"ip":"198.41.192.77","connIndex":0,"time":"2026-10-05T01:30:30Z","message":"Retrying connection in up to 32s"}
{"level":"error","error":"TLS handshake with edge error: read tcp 198.18.0.1:47792->198.41.192.77:7844: i/o timeout","connIndex":0,"time":"2026-10-05T01:30:30Z","message":"Connection terminated"}
{"level":"info","event":0,"ip":"198.41.200.13","connIndex":0,"time":"2026-10-05T01:30:58Z","message":"Tunnel connection curve preferences: [X25519MLKEM768 CurveID(65074) CurveP256]"}
{"level":"error","error":"Unauthorized: Tunnel not found","time":"2026-10-05T01:31:01Z","message":"failed to serve incoming request"}
{"level":"error","event":0,"ip":"198.41.200.13","connIndex":0,"error":"Unauthorized: Tunnel not found","time":"2026-10-05T01:31:01Z","message":"Register tunnel error from server side"}
{"level":"info","event":0,"ip":"198.41.200.13","connIndex":0,"time":"2026-10-05T01:31:01Z","message":"Retrying connection in up to 32s"}
{"level":"error","error":"Unauthorized: Tunnel not found","connIndex":0,"time":"2026-10-05T01:31:25Z","message":"Connection terminated"}
{"level":"info","event":0,"ip":"198.41.200.13","connIndex":0,"time":"2026-10-05T01:36:25Z","message":"Tunnel connection curve preferences: [X25519MLKEM768 CurveID(65074) CurveP256]"}
{"level":"error","error":"Unauthorized: Tunnel not found","time":"2026-10-05T01:36:27Z","message":"failed to serve incoming request"}
{"level":"error","event":0,"ip":"198.41.200.13","connIndex":0,"error":"Unauthorized: Tunnel not found","time":"2026-10-05T01:36:28Z","message":"Register tunnel error from server side"}
{"level":"info","event":0,"ip":"198.41.200.13","connIndex":0,"time":"2026-10-05T01:36:28Z","message":"Retrying connection in up to 32s"}
{"level":"error","error":"Unauthorized: Tunnel not found","connIndex":0,"time":"2026-10-05T01:36:57Z","message":"Connection terminated"}
{"level":"info","event":0,"ip":"198.41.200.13","connIndex":0,"time":"2026-10-05T01:38:43Z","message":"Tunnel connection curve preferences: [X25519MLKEM768 CurveID(65074) CurveP256]"}
{"level":"error","error":"Unauthorized: Tunnel not found","time":"2026-10-05T01:38:45Z","message":"failed to serve incoming request"}
{"level":"error","event":0,"ip":"198.41.200.13","connIndex":0,"error":"Unauthorized: Tunnel not found","time":"2026-10-05T01:38:46Z","message":"Register tunnel error from server side"}
{"level":"info","event":0,"ip":"198.41.200.13","connIndex":0,"time":"2026-10-05T01:38:46Z","message":"Retrying connection in up to 32s"}
{"level":"error","error":"Unauthorized: Tunnel not found","connIndex":0,"time":"2026-10-05T01:39:03Z","message":"Connection terminated"}
{"level":"info","event":0,"ip":"198.41.200.13","connIndex":0,"time":"2026-10-05T01:42:49Z","message":"Tunnel connection curve preferences: [X25519MLKEM768 CurveID(65074) CurveP256]"}
{"level":"error","error":"Unauthorized: Tunnel not found","time":"2026-10-05T01:42:51Z","message":"failed to serve incoming request"}
{"level":"error","event":0,"ip":"198.41.200.13","connIndex":0,"error":"Unauthorized: Tunnel not found","time":"2026-10-05T01:42:52Z","message":"Register tunnel error from server side"}
{"level":"info","event":0,"ip":"198.41.200.13","connIndex":0,"time":"2026-10-05T01:42:52Z","message":"Retrying connection in up to 32s"}
{"level":"error","error":"Unauthorized: Tunnel not found","connIndex":0,"time":"2026-10-05T01:43:08Z","message":"Connection terminated"}
